base_code,base_label,outs,re,se,n
0,___,0,0.5046,0.0032,122308
0,___,1,0.2701,0.0026,89404
0,___,2,0.1032,0.0017,71724
1,1__,0,0.9016,0.0081,29160
1,1__,1,0.533,0.0056,35930
1,1__,2,0.2332,0.0036,36789
2,_2_,0,1.1571,0.0156,8601
2,_2_,1,0.693,0.0098,14315
2,_2_,2,0.3285,0.006,18623
4,__3,0,1.3863,0.0373,1121
4,__3,1,0.9586,0.0161,4224
4,__3,2,0.3546,0.0086,7076
3,12_,0,1.5354,0.0209,7079
3,12_,1,0.9515,0.0128,12378
3,12_,2,0.4649,0.0087,14948
5,1_3,0,1.8702,0.0321,2412
5,1_3,1,1.2224,0.0191,5489
5,1_3,2,0.5081,0.0123,7755
6,_23,0,1.9906,0.0369,1812
6,_23,1,1.41,0.0214,4210
6,_23,2,0.57,0.0148,5218
7,123,0,2.3791,0.0542,1881
7,123,1,1.6227,0.0311,4021
7,123,2,0.7939,0.0206,5216
