base_pre,outs_pre,category,base_post,outs_post,runs,k,n,p,n_cell,source
0,0,K,0,1,0,26985,27036,0.998114,27036,data
0,0,K,1,0,0,48,27036,0.001775,27036,data
0,0,K,2,0,0,3,27036,0.000111,27036,data
0,0,BB,1,0,0,9407,9407,1.0,9407,data
0,0,HBP,1,0,0,1250,1250,1.0,1250,data
0,0,1B_IF,0,1,0,17,2951,0.005761,2951,data
0,0,1B_IF,1,0,0,2842,2951,0.963063,2951,data
0,0,1B_IF,2,0,0,90,2951,0.030498,2951,data
0,0,1B_IF,4,0,0,2,2951,0.000678,2951,data
0,0,1B_OF,0,1,0,129,14112,0.009141,14112,data
0,0,1B_OF,1,0,0,13914,14112,0.985969,14112,data
0,0,1B_OF,2,0,0,63,14112,0.004464,14112,data
0,0,1B_OF,4,0,0,6,14112,0.000425,14112,data
0,0,2B,0,0,1,1,5428,0.000184,5428,data
0,0,2B,0,1,0,20,5428,0.003685,5428,data
0,0,2B,2,0,0,5373,5428,0.989867,5428,data
0,0,2B,4,0,0,34,5428,0.006264,5428,data
0,0,3B,0,0,1,5,502,0.00996,502,data
0,0,3B,4,0,0,497,502,0.99004,502,data
0,0,HR,0,0,1,4146,4146,1.0,4146,data
0,0,GB_OUT,0,1,0,25875,25875,1.0,25875,data
0,0,AIR_OUT,0,1,0,30199,30199,1.0,30199,data
0,0,ROE,0,1,0,3,865,0.003468,865,data
0,0,ROE,1,0,0,743,865,0.85896,865,data
0,0,ROE,2,0,0,108,865,0.124855,865,data
0,0,ROE,4,0,0,11,865,0.012717,865,data
0,0,OTHER,1,0,0,42,42,1.0,42,data
0,1,K,0,2,0,20891,20915,0.998852,20915,data
0,1,K,1,1,0,24,20915,0.001148,20915,data
0,1,BB,1,1,0,6972,6972,1.0,6972,data
0,1,HBP,1,1,0,879,879,1.0,879,data
0,1,1B_IF,0,2,0,16,2066,0.007744,2066,data
0,1,1B_IF,1,1,0,1984,2066,0.96031,2066,data
0,1,1B_IF,2,1,0,62,2066,0.03001,2066,data
0,1,1B_IF,4,1,0,4,2066,0.001936,2066,data
0,1,1B_OF,0,2,0,97,10203,0.009507,10203,data
0,1,1B_OF,1,1,0,10055,10203,0.985494,10203,data
0,1,1B_OF,2,1,0,45,10203,0.00441,10203,data
0,1,1B_OF,4,1,0,6,10203,0.000588,10203,data
0,1,2B,0,2,0,20,3822,0.005233,3822,data
0,1,2B,2,1,0,3780,3822,0.989011,3822,data
0,1,2B,4,1,0,22,3822,0.005756,3822,data
0,1,3B,0,1,1,3,340,0.008824,340,data
0,1,3B,0,2,0,1,340,0.002941,340,data
0,1,3B,4,1,0,336,340,0.988235,340,data
0,1,HR,0,1,1,2778,2778,1.0,2778,data
0,1,GB_OUT,0,2,0,19072,19072,1.0,19072,data
0,1,AIR_OUT,0,2,0,21452,21452,1.0,21452,data
0,1,ROE,0,2,0,1,605,0.001653,605,data
0,1,ROE,1,1,0,501,605,0.828099,605,data
0,1,ROE,2,1,0,99,605,0.163636,605,data
0,1,ROE,4,1,0,4,605,0.006612,605,data
0,1,OTHER,1,1,0,21,21,1.0,21,rule
0,2,K,0,3,0,17358,17395,0.997873,17395,data
0,2,K,1,2,0,37,17395,0.002127,17395,data
0,2,BB,1,2,0,6030,6030,1.0,6030,data
0,2,HBP,1,2,0,712,712,1.0,712,data
0,2,1B_IF,0,3,0,5,1635,0.003058,1635,data
0,2,1B_IF,1,2,0,1576,1635,0.963914,1635,data
0,2,1B_IF,2,2,0,53,1635,0.032416,1635,data
0,2,1B_IF,4,2,0,1,1635,0.000612,1635,data
0,2,1B_OF,0,3,0,88,7916,0.011117,7916,data
0,2,1B_OF,1,2,0,7803,7916,0.985725,7916,data
0,2,1B_OF,2,2,0,23,7916,0.002906,7916,data
0,2,1B_OF,4,2,0,2,7916,0.000253,7916,data
0,2,2B,0,2,1,1,2990,0.000334,2990,data
0,2,2B,0,3,0,11,2990,0.003679,2990,data
0,2,2B,2,2,0,2963,2990,0.99097,2990,data
0,2,2B,4,2,0,15,2990,0.005017,2990,data
0,2,3B,0,2,1,2,216,0.009259,216,data
0,2,3B,0,3,0,2,216,0.009259,216,data
0,2,3B,4,2,0,212,216,0.981481,216,data
0,2,HR,0,2,1,2153,2153,1.0,2153,data
0,2,GB_OUT,0,3,0,15047,15047,1.0,15047,data
0,2,AIR_OUT,0,3,0,16958,16958,1.0,16958,data
0,2,ROE,0,3,0,2,468,0.004274,468,data
0,2,ROE,1,2,0,376,468,0.803419,468,data
0,2,ROE,2,2,0,86,468,0.183761,468,data
0,2,ROE,4,2,0,4,468,0.008547,468,data
0,2,OTHER,1,2,0,34,34,1.0,34,data
1,0,K,0,2,0,113,5382,0.020996,5382,data
1,0,K,1,1,0,5001,5382,0.929208,5382,data
1,0,K,2,1,0,253,5382,0.047009,5382,data
1,0,K,4,1,0,15,5382,0.002787,5382,data
1,0,BB,3,0,0,1784,1788,0.997763,1788,data
1,0,BB,5,0,0,4,1788,0.002237,1788,data
1,0,HBP,3,0,0,332,332,1.0,332,data
1,0,1B_IF,1,0,1,1,529,0.00189,529,data
1,0,1B_IF,1,1,0,5,529,0.009452,529,data
1,0,1B_IF,2,0,1,3,529,0.005671,529,data
1,0,1B_IF,3,0,0,434,529,0.820416,529,data
1,0,1B_IF,4,0,1,1,529,0.00189,529,data
1,0,1B_IF,4,1,0,1,529,0.00189,529,data
1,0,1B_IF,5,0,0,73,529,0.137996,529,data
1,0,1B_IF,6,0,0,11,529,0.020794,529,data
1,0,1B_OF,0,1,1,1,3549,0.000282,3549,data
1,0,1B_OF,1,0,1,3,3549,0.000845,3549,data
1,0,1B_OF,1,1,0,20,3549,0.005635,3549,data
1,0,1B_OF,2,0,1,5,3549,0.001409,3549,data
1,0,1B_OF,2,1,0,15,3549,0.004227,3549,data
1,0,1B_OF,3,0,0,2480,3549,0.698788,3549,data
1,0,1B_OF,4,0,1,7,3549,0.001972,3549,data
1,0,1B_OF,4,1,0,26,3549,0.007326,3549,data
1,0,1B_OF,5,0,0,920,3549,0.259228,3549,data
1,0,1B_OF,6,0,0,72,3549,0.020287,3549,data
1,0,2B,0,0,2,1,1243,0.000805,1243,data
1,0,2B,0,1,1,6,1243,0.004827,1243,data
1,0,2B,2,0,1,331,1243,0.266291,1243,data
1,0,2B,2,1,0,21,1243,0.016895,1243,data
1,0,2B,4,0,1,23,1243,0.018504,1243,data
1,0,2B,4,1,0,4,1243,0.003218,1243,data
1,0,2B,6,0,0,857,1243,0.689461,1243,data
1,0,3B,0,0,2,2,87,0.022989,87,data
1,0,3B,4,0,1,85,87,0.977011,87,data
1,0,HR,0,0,2,872,872,1.0,872,data
1,0,GB_OUT,0,1,1,2,5466,0.000366,5466,data
1,0,GB_OUT,0,2,0,2689,5466,0.49195,5466,data
1,0,GB_OUT,1,1,0,1677,5466,0.306806,5466,data
1,0,GB_OUT,2,1,0,1083,5466,0.198134,5466,data
1,0,GB_OUT,4,1,0,15,5466,0.002744,5466,data
1,0,AIR_OUT,0,2,0,184,6447,0.02854,6447,data
1,0,AIR_OUT,1,1,0,6133,6447,0.951295,6447,data
1,0,AIR_OUT,2,1,0,128,6447,0.019854,6447,data
1,0,AIR_OUT,4,1,0,2,6447,0.00031,6447,data
1,0,ROE,2,0,1,1,75,0.013333,75,data
1,0,ROE,3,0,0,56,75,0.746667,75,data
1,0,ROE,5,0,0,8,75,0.106667,75,data
1,0,ROE,6,0,0,10,75,0.133333,75,data
1,0,FC,1,0,1,1,199,0.005025,199,data
1,0,FC,1,1,0,2,199,0.01005,199,data
1,0,FC,2,0,1,3,199,0.015075,199,data
1,0,FC,3,0,0,140,199,0.703518,199,data
1,0,FC,5,0,0,36,199,0.180905,199,data
1,0,FC,6,0,0,17,199,0.085427,199,data
1,0,OTHER,3,0,0,22,22,1.0,22,rule
1,1,K,0,2,0,1,6717,0.000149,6717,data
1,1,K,0,3,0,171,6717,0.025458,6717,data
1,1,K,1,2,0,6194,6717,0.922138,6717,data
1,1,K,2,2,0,338,6717,0.05032,6717,data
1,1,K,4,2,0,13,6717,0.001935,6717,data
1,1,BB,1,2,0,1,2388,0.000419,2388,data
1,1,BB,3,1,0,2381,2388,0.997069,2388,data
1,1,BB,5,1,0,6,2388,0.002513,2388,data
1,1,HBP,3,1,0,386,386,1.0,386,data
1,1,1B_IF,0,2,1,1,657,0.001522,657,data
1,1,1B_IF,1,1,1,1,657,0.001522,657,data
1,1,1B_IF,1,2,0,11,657,0.016743,657,data
1,1,1B_IF,2,1,1,3,657,0.004566,657,data
1,1,1B_IF,3,1,0,539,657,0.820396,657,data
1,1,1B_IF,4,2,0,1,657,0.001522,657,data
1,1,1B_IF,5,1,0,83,657,0.126332,657,data
1,1,1B_IF,6,1,0,18,657,0.027397,657,data
1,1,1B_OF,0,1,2,1,4352,0.00023,4352,data
1,1,1B_OF,0,2,1,3,4352,0.000689,4352,data
1,1,1B_OF,1,1,1,3,4352,0.000689,4352,data
1,1,1B_OF,1,2,0,24,4352,0.005515,4352,data
1,1,1B_OF,2,1,1,15,4352,0.003447,4352,data
1,1,1B_OF,2,2,0,12,4352,0.002757,4352,data
1,1,1B_OF,3,1,0,2934,4352,0.674173,4352,data
1,1,1B_OF,4,1,1,3,4352,0.000689,4352,data
1,1,1B_OF,4,2,0,26,4352,0.005974,4352,data
1,1,1B_OF,5,1,0,1255,4352,0.288373,4352,data
1,1,1B_OF,6,1,0,76,4352,0.017463,4352,data
1,1,2B,0,2,1,15,1415,0.010601,1415,data
1,1,2B,2,1,1,398,1415,0.281272,1415,data
1,1,2B,2,2,0,23,1415,0.016254,1415,data
1,1,2B,4,1,1,49,1415,0.034629,1415,data
1,1,2B,4,2,0,7,1415,0.004947,1415,data
1,1,2B,6,1,0,923,1415,0.652297,1415,data
1,1,3B,0,1,2,2,121,0.016529,121,data
1,1,3B,4,1,1,119,121,0.983471,121,data
1,1,HR,0,1,2,1062,1062,1.0,1062,data
1,1,GB_OUT,0,2,1,2,6646,0.000301,6646,data
1,1,GB_OUT,0,3,0,3233,6646,0.486458,6646,data
1,1,GB_OUT,1,2,0,1902,6646,0.286187,6646,data
1,1,GB_OUT,2,2,0,1493,6646,0.224646,6646,data
1,1,GB_OUT,4,2,0,16,6646,0.002407,6646,data
1,1,AIR_OUT,0,3,0,249,8010,0.031086,8010,data
1,1,AIR_OUT,1,2,0,7672,8010,0.957803,8010,data
1,1,AIR_OUT,2,2,0,84,8010,0.010487,8010,data
1,1,AIR_OUT,4,2,0,5,8010,0.000624,8010,data
1,1,ROE,1,2,0,1,86,0.011628,86,data
1,1,ROE,2,1,1,2,86,0.023256,86,data
1,1,ROE,3,1,0,53,86,0.616279,86,data
1,1,ROE,4,1,1,3,86,0.034884,86,data
1,1,ROE,5,1,0,18,86,0.209302,86,data
1,1,ROE,6,1,0,9,86,0.104651,86,data
1,1,FC,1,2,0,1,211,0.004739,211,data
1,1,FC,2,2,0,2,211,0.009479,211,data
1,1,FC,3,1,0,144,211,0.682464,211,data
1,1,FC,4,1,1,2,211,0.009479,211,data
1,1,FC,5,1,0,45,211,0.21327,211,data
1,1,FC,6,1,0,17,211,0.080569,211,data
1,1,OTHER,3,1,0,28,28,1.0,28,rule
1,2,K,0,3,0,7020,7036,0.997726,7036,data
1,2,K,3,2,0,14,7036,0.00199,7036,data
1,2,K,5,2,0,2,7036,0.000284,7036,data
1,2,BB,3,2,0,2440,2441,0.99959,2441,data
1,2,BB,5,2,0,1,2441,0.00041,2441,data
1,2,HBP,3,2,0,348,348,1.0,348,data
1,2,1B_IF,0,3,0,13,748,0.01738,748,data
1,2,1B_IF,1,2,1,7,748,0.009358,748,data
1,2,1B_IF,2,2,1,4,748,0.005348,748,data
1,2,1B_IF,3,2,0,554,748,0.740642,748,data
1,2,1B_IF,4,2,1,4,748,0.005348,748,data
1,2,1B_IF,5,2,0,154,748,0.205882,748,data
1,2,1B_IF,6,2,0,12,748,0.016043,748,data
1,2,1B_OF,0,2,2,1,4018,0.000249,4018,data
1,2,1B_OF,0,3,0,56,4018,0.013937,4018,data
1,2,1B_OF,0,3,1,1,4018,0.000249,4018,data
1,2,1B_OF,1,2,1,22,4018,0.005475,4018,data
1,2,1B_OF,2,2,1,18,4018,0.00448,4018,data
1,2,1B_OF,3,2,0,2326,4018,0.578895,4018,data
1,2,1B_OF,4,2,1,7,4018,0.001742,4018,data
1,2,1B_OF,5,2,0,1515,4018,0.377053,4018,data
1,2,1B_OF,6,2,0,72,4018,0.017919,4018,data
1,2,2B,0,2,2,2,1438,0.001391,1438,data
1,2,2B,0,3,0,69,1438,0.047983,1438,data
1,2,2B,0,3,1,10,1438,0.006954,1438,data
1,2,2B,2,2,1,652,1438,0.453408,1438,data
1,2,2B,4,2,1,58,1438,0.040334,1438,data
1,2,2B,6,2,0,647,1438,0.44993,1438,data
1,2,3B,0,2,2,1,124,0.008065,124,data
1,2,3B,0,3,1,2,124,0.016129,124,data
1,2,3B,4,2,1,121,124,0.975806,124,data
1,2,HR,0,2,2,1056,1056,1.0,1056,data
1,2,GB_OUT,0,3,0,6796,6796,1.0,6796,data
1,2,AIR_OUT,0,3,0,8027,8027,1.0,8027,data
1,2,ROE,1,2,1,3,148,0.02027,148,data
1,2,ROE,2,2,1,12,148,0.081081,148,data
1,2,ROE,3,2,0,89,148,0.601351,148,data
1,2,ROE,4,2,1,2,148,0.013514,148,data
1,2,ROE,5,2,0,29,148,0.195946,148,data
1,2,ROE,6,2,0,13,148,0.087838,148,data
1,2,FC,0,3,0,5,40,0.125,40,data
1,2,FC,3,2,0,31,40,0.775,40,data
1,2,FC,5,2,0,3,40,0.075,40,data
1,2,FC,6,2,0,1,40,0.025,40,data
1,2,OTHER,3,2,0,21,21,1.0,21,rule
2,0,K,0,1,1,2,1662,0.001203,1662,data
2,0,K,2,1,0,1644,1662,0.98917,1662,data
2,0,K,4,1,0,14,1662,0.008424,1662,data
2,0,K,5,0,0,2,1662,0.001203,1662,data
2,0,BB,1,1,0,1,876,0.001142,876,data
2,0,BB,2,0,1,1,876,0.001142,876,data
2,0,BB,3,0,0,857,876,0.978311,876,data
2,0,BB,5,0,0,17,876,0.019406,876,data
2,0,HBP,3,0,0,111,111,1.0,111,data
2,0,1B_IF,0,1,1,1,202,0.00495,202,data
2,0,1B_IF,1,0,1,20,202,0.09901,202,data
2,0,1B_IF,1,1,0,1,202,0.00495,202,data
2,0,1B_IF,2,0,1,3,202,0.014851,202,data
2,0,1B_IF,3,0,0,52,202,0.257426,202,data
2,0,1B_IF,5,0,0,122,202,0.60396,202,data
2,0,1B_IF,6,0,0,3,202,0.014851,202,data
2,0,1B_OF,0,1,1,15,985,0.015228,985,data
2,0,1B_OF,1,0,1,385,985,0.390863,985,data
2,0,1B_OF,1,1,0,4,985,0.004061,985,data
2,0,1B_OF,2,0,1,31,985,0.031472,985,data
2,0,1B_OF,2,1,0,6,985,0.006091,985,data
2,0,1B_OF,3,0,0,5,985,0.005076,985,data
2,0,1B_OF,4,1,0,3,985,0.003046,985,data
2,0,1B_OF,5,0,0,522,985,0.529949,985,data
2,0,1B_OF,6,0,0,14,985,0.014213,985,data
2,0,2B,0,1,1,4,338,0.011834,338,data
2,0,2B,2,0,1,302,338,0.893491,338,data
2,0,2B,4,0,1,2,338,0.005917,338,data
2,0,2B,6,0,0,30,338,0.088757,338,data
2,0,3B,4,0,1,31,31,1.0,31,data
2,0,HR,0,0,2,232,232,1.0,232,data
2,0,GB_OUT,0,1,1,1,1651,0.000606,1651,data
2,0,GB_OUT,0,2,0,1,1651,0.000606,1651,data
2,0,GB_OUT,2,1,0,601,1651,0.364022,1651,data
2,0,GB_OUT,4,1,0,1048,1651,0.634767,1651,data
2,0,AIR_OUT,0,1,1,2,1805,0.001108,1805,data
2,0,AIR_OUT,0,2,0,31,1805,0.017175,1805,data
2,0,AIR_OUT,2,1,0,1248,1805,0.691413,1805,data
2,0,AIR_OUT,4,1,0,524,1805,0.290305,1805,data
2,0,ROE,1,0,1,5,48,0.104167,48,data
2,0,ROE,2,0,1,4,48,0.083333,48,data
2,0,ROE,3,0,0,15,48,0.3125,48,data
2,0,ROE,5,0,0,19,48,0.395833,48,data
2,0,ROE,6,0,0,5,48,0.104167,48,data
2,0,FC,0,2,0,2,87,0.022989,87,data
2,0,FC,1,0,1,1,87,0.011494,87,data
2,0,FC,1,1,0,64,87,0.735632,87,data
2,0,FC,2,0,1,1,87,0.011494,87,data
2,0,FC,2,1,0,5,87,0.057471,87,data
2,0,FC,3,0,0,7,87,0.08046,87,data
2,0,FC,5,0,0,7,87,0.08046,87,data
2,0,OTHER,3,0,0,2,2,1.0,2,rule
2,1,K,0,2,1,2,2956,0.000677,2956,data
2,1,K,0,3,0,2,2956,0.000677,2956,data
2,1,K,2,2,0,2924,2956,0.989175,2956,data
2,1,K,3,1,0,1,2956,0.000338,2956,data
2,1,K,4,1,1,1,2956,0.000338,2956,data
2,1,K,4,2,0,22,2956,0.007442,2956,data
2,1,K,5,1,0,3,2956,0.001015,2956,data
2,1,K,6,1,0,1,2956,0.000338,2956,data
2,1,BB,1,2,0,6,1421,0.004222,1421,data
2,1,BB,3,1,0,1380,1421,0.971147,1421,data
2,1,BB,5,1,0,35,1421,0.024631,1421,data
2,1,HBP,3,1,0,179,179,1.0,179,data
2,1,1B_IF,0,2,1,1,342,0.002924,342,data
2,1,1B_IF,1,1,1,58,342,0.169591,342,data
2,1,1B_IF,1,2,0,2,342,0.005848,342,data
2,1,1B_IF,2,1,1,7,342,0.020468,342,data
2,1,1B_IF,3,1,0,59,342,0.172515,342,data
2,1,1B_IF,4,1,1,1,342,0.002924,342,data
2,1,1B_IF,5,1,0,212,342,0.619883,342,data
2,1,1B_IF,6,1,0,2,342,0.005848,342,data
2,1,1B_OF,0,2,1,34,1537,0.022121,1537,data
2,1,1B_OF,1,1,1,768,1537,0.499675,1537,data
2,1,1B_OF,1,2,0,10,1537,0.006506,1537,data
2,1,1B_OF,2,1,1,110,1537,0.071568,1537,data
2,1,1B_OF,2,2,0,12,1537,0.007807,1537,data
2,1,1B_OF,3,1,0,15,1537,0.009759,1537,data
2,1,1B_OF,4,1,1,10,1537,0.006506,1537,data
2,1,1B_OF,4,2,0,6,1537,0.003904,1537,data
2,1,1B_OF,5,1,0,556,1537,0.361744,1537,data
2,1,1B_OF,6,1,0,16,1537,0.01041,1537,data
2,1,2B,0,2,1,5,525,0.009524,525,data
2,1,2B,2,1,1,506,525,0.96381,525,data
2,1,2B,2,2,0,1,525,0.001905,525,data
2,1,2B,4,1,1,3,525,0.005714,525,data
2,1,2B,6,1,0,10,525,0.019048,525,data
2,1,3B,4,1,1,53,53,1.0,53,data
2,1,HR,0,1,2,406,406,1.0,406,data
2,1,GB_OUT,0,2,1,6,2725,0.002202,2725,data
2,1,GB_OUT,0,3,0,4,2725,0.001468,2725,data
2,1,GB_OUT,2,2,0,896,2725,0.328807,2725,data
2,1,GB_OUT,4,2,0,1819,2725,0.667523,2725,data
2,1,AIR_OUT,0,2,1,3,3056,0.000982,3056,data
2,1,AIR_OUT,0,3,0,61,3056,0.019961,3056,data
2,1,AIR_OUT,2,2,0,2427,3056,0.794175,3056,data
2,1,AIR_OUT,4,2,0,565,3056,0.184882,3056,data
2,1,ROE,1,1,1,12,86,0.139535,86,data
2,1,ROE,2,1,1,11,86,0.127907,86,data
2,1,ROE,3,1,0,15,86,0.174419,86,data
2,1,ROE,4,1,1,1,86,0.011628,86,data
2,1,ROE,5,1,0,42,86,0.488372,86,data
2,1,ROE,6,1,0,5,86,0.05814,86,data
2,1,FC,0,3,0,4,135,0.02963,135,data
2,1,FC,1,1,1,1,135,0.007407,135,data
2,1,FC,1,2,0,102,135,0.755556,135,data
2,1,FC,2,1,1,1,135,0.007407,135,data
2,1,FC,2,2,0,9,135,0.066667,135,data
2,1,FC,3,1,0,8,135,0.059259,135,data
2,1,FC,5,1,0,8,135,0.059259,135,data
2,1,FC,6,1,0,2,135,0.014815,135,data
2,1,OTHER,3,1,0,10,10,1.0,10,rule
2,2,K,0,3,0,4078,4085,0.998286,4085,data
2,2,K,1,2,1,1,4085,0.000245,4085,data
2,2,K,5,2,0,6,4085,0.001469,4085,data
2,2,BB,0,3,0,3,2023,0.001483,2023,data
2,2,BB,1,2,1,4,2023,0.001977,2023,data
2,2,BB,2,2,1,1,2023,0.000494,2023,data
2,2,BB,3,2,0,1950,2023,0.963915,2023,data
2,2,BB,5,2,0,65,2023,0.03213,2023,data
2,2,HBP,0,2,0,1,204,0.004902,204,data
2,2,HBP,3,2,0,203,204,0.995098,204,data
2,2,1B_IF,0,3,0,10,399,0.025063,399,data
2,2,1B_IF,0,3,1,2,399,0.005013,399,data
2,2,1B_IF,1,2,1,107,399,0.26817,399,data
2,2,1B_IF,2,2,1,15,399,0.037594,399,data
2,2,1B_IF,3,2,0,2,399,0.005013,399,data
2,2,1B_IF,5,2,0,263,399,0.659148,399,data
2,2,1B_OF,0,2,2,2,1900,0.001053,1900,data
2,2,1B_OF,0,3,0,75,1900,0.039474,1900,data
2,2,1B_OF,0,3,1,78,1900,0.041053,1900,data
2,2,1B_OF,1,2,1,1458,1900,0.767368,1900,data
2,2,1B_OF,2,2,1,188,1900,0.098947,1900,data
2,2,1B_OF,4,2,1,5,1900,0.002632,1900,data
2,2,1B_OF,5,2,0,89,1900,0.046842,1900,data
2,2,1B_OF,6,2,0,5,1900,0.002632,1900,data
2,2,2B,0,3,1,5,733,0.006821,733,data
2,2,2B,2,2,1,719,733,0.9809,733,data
2,2,2B,4,2,1,9,733,0.012278,733,data
2,2,3B,0,2,2,2,64,0.03125,64,data
2,2,3B,4,2,1,62,64,0.96875,64,data
2,2,HR,0,2,2,501,501,1.0,501,data
2,2,GB_OUT,0,3,0,3514,3514,1.0,3514,data
2,2,AIR_OUT,0,3,0,4001,4001,1.0,4001,data
2,2,ROE,0,3,0,3,133,0.022556,133,data
2,2,ROE,1,2,1,45,133,0.338346,133,data
2,2,ROE,2,2,1,19,133,0.142857,133,data
2,2,ROE,3,2,0,1,133,0.007519,133,data
2,2,ROE,4,2,1,4,133,0.030075,133,data
2,2,ROE,5,2,0,61,133,0.458647,133,data
2,2,FC,0,3,0,210,247,0.850202,25,backoff
2,2,FC,1,2,1,2,247,0.008097,25,backoff
2,2,FC,2,2,1,2,247,0.008097,25,backoff
2,2,FC,3,2,0,15,247,0.060729,25,backoff
2,2,FC,5,2,0,16,247,0.064777,25,backoff
2,2,FC,6,2,0,2,247,0.008097,25,backoff
2,2,OTHER,3,2,0,12,12,1.0,12,rule
3,0,K,2,2,0,1,1402,0.000713,1402,data
3,0,K,3,1,0,1395,1402,0.995007,1402,data
3,0,K,5,1,0,3,1402,0.00214,1402,data
3,0,K,6,1,0,3,1402,0.00214,1402,data
3,0,BB,7,0,0,500,500,1.0,500,data
3,0,HBP,7,0,0,74,74,1.0,74,data
3,0,1B_IF,2,0,2,1,106,0.009434,106,data
3,0,1B_IF,3,0,1,11,106,0.103774,106,data
3,0,1B_IF,3,1,0,1,106,0.009434,106,data
3,0,1B_IF,5,0,1,5,106,0.04717,106,data
3,0,1B_IF,6,0,1,4,106,0.037736,106,data
3,0,1B_IF,7,0,0,84,106,0.792453,106,data
3,0,1B_OF,1,1,1,2,803,0.002491,803,data
3,0,1B_OF,2,0,2,2,803,0.002491,803,data
3,0,1B_OF,2,1,1,2,803,0.002491,803,data
3,0,1B_OF,2,2,0,1,803,0.001245,803,data
3,0,1B_OF,3,0,1,225,803,0.280199,803,data
3,0,1B_OF,3,1,0,3,803,0.003736,803,data
3,0,1B_OF,4,0,2,1,803,0.001245,803,data
3,0,1B_OF,4,1,1,4,803,0.004981,803,data
3,0,1B_OF,5,0,1,133,803,0.165629,803,data
3,0,1B_OF,5,1,0,5,803,0.006227,803,data
3,0,1B_OF,6,0,1,29,803,0.036115,803,data
3,0,1B_OF,6,1,0,2,803,0.002491,803,data
3,0,1B_OF,7,0,0,394,803,0.49066,803,data
3,0,2B,2,0,2,68,305,0.222951,305,data
3,0,2B,2,1,1,2,305,0.006557,305,data
3,0,2B,4,0,2,7,305,0.022951,305,data
3,0,2B,6,0,1,227,305,0.744262,305,data
3,0,2B,6,1,0,1,305,0.003279,305,data
3,0,3B,4,0,2,121,121,1.0,21,backoff
3,0,HR,0,0,3,227,227,1.0,227,data
3,0,GB_OUT,0,3,0,1,1293,0.000773,1293,data
3,0,GB_OUT,1,1,1,7,1293,0.005414,1293,data
3,0,GB_OUT,1,2,0,16,1293,0.012374,1293,data
3,0,GB_OUT,2,1,1,6,1293,0.00464,1293,data
3,0,GB_OUT,2,2,0,35,1293,0.027069,1293,data
3,0,GB_OUT,3,1,0,58,1293,0.044857,1293,data
3,0,GB_OUT,4,2,0,554,1293,0.428461,1293,data
3,0,GB_OUT,5,1,0,364,1293,0.281516,1293,data
3,0,GB_OUT,6,1,0,252,1293,0.194896,1293,data
3,0,AIR_OUT,0,1,2,1,1484,0.000674,1484,data
3,0,AIR_OUT,0,3,0,3,1484,0.002022,1484,data
3,0,AIR_OUT,1,2,0,30,1484,0.020216,1484,data
3,0,AIR_OUT,2,2,0,6,1484,0.004043,1484,data
3,0,AIR_OUT,3,1,0,1027,1484,0.692049,1484,data
3,0,AIR_OUT,4,1,1,1,1484,0.000674,1484,data
3,0,AIR_OUT,4,2,0,7,1484,0.004717,1484,data
3,0,AIR_OUT,5,1,0,344,1484,0.231806,1484,data
3,0,AIR_OUT,6,1,0,65,1484,0.043801,1484,data
3,0,ROE,0,1,1,2,110,0.018182,21,backoff
3,0,ROE,2,0,2,2,110,0.018182,21,backoff
3,0,ROE,3,0,1,9,110,0.081818,21,backoff
3,0,ROE,5,0,1,21,110,0.190909,21,backoff
3,0,ROE,6,0,1,15,110,0.136364,21,backoff
3,0,ROE,7,0,0,61,110,0.554545,21,backoff
3,0,FC,1,0,2,1,64,0.015625,64,data
3,0,FC,1,2,0,1,64,0.015625,64,data
3,0,FC,3,0,1,7,64,0.109375,64,data
3,0,FC,5,0,1,6,64,0.09375,64,data
3,0,FC,6,0,1,5,64,0.078125,64,data
3,0,FC,7,0,0,44,64,0.6875,64,data
3,0,OTHER,7,0,0,5,5,1.0,5,rule
3,1,K,0,2,0,1,2535,0.000394,2535,data
3,1,K,0,3,0,9,2535,0.00355,2535,data
3,1,K,2,2,1,1,2535,0.000394,2535,data
3,1,K,3,2,0,2498,2535,0.985404,2535,data
3,1,K,5,2,0,5,2535,0.001972,2535,data
3,1,K,6,2,0,21,2535,0.008284,2535,data
3,1,BB,7,1,0,839,839,1.0,839,data
3,1,HBP,7,1,0,160,160,1.0,160,data
3,1,1B_IF,2,1,2,1,241,0.004149,241,data
3,1,1B_IF,3,1,1,22,241,0.091286,241,data
3,1,1B_IF,3,2,0,4,241,0.016598,241,data
3,1,1B_IF,5,1,1,33,241,0.136929,241,data
3,1,1B_IF,6,1,1,5,241,0.020747,241,data
3,1,1B_IF,7,1,0,176,241,0.73029,241,data
3,1,1B_OF,0,1,3,1,1389,0.00072,1389,data
3,1,1B_OF,0,2,2,1,1389,0.00072,1389,data
3,1,1B_OF,1,1,2,1,1389,0.00072,1389,data
3,1,1B_OF,1,2,1,10,1389,0.007199,1389,data
3,1,1B_OF,2,1,2,3,1389,0.00216,1389,data
3,1,1B_OF,2,2,1,8,1389,0.00576,1389,data
3,1,1B_OF,3,1,1,462,1389,0.332613,1389,data
3,1,1B_OF,3,2,0,12,1389,0.008639,1389,data
3,1,1B_OF,4,1,2,4,1389,0.00288,1389,data
3,1,1B_OF,4,2,1,6,1389,0.00432,1389,data
3,1,1B_OF,5,1,1,352,1389,0.25342,1389,data
3,1,1B_OF,5,2,0,8,1389,0.00576,1389,data
3,1,1B_OF,6,1,1,67,1389,0.048236,1389,data
3,1,1B_OF,6,2,0,6,1389,0.00432,1389,data
3,1,1B_OF,7,1,0,448,1389,0.322534,1389,data
3,1,2B,0,1,3,1,533,0.001876,533,data
3,1,2B,0,2,2,2,533,0.003752,533,data
3,1,2B,2,1,2,170,533,0.318949,533,data
3,1,2B,2,2,1,10,533,0.018762,533,data
3,1,2B,4,1,2,12,533,0.022514,533,data
3,1,2B,4,2,1,1,533,0.001876,533,data
3,1,2B,6,1,1,336,533,0.630394,533,data
3,1,2B,6,2,0,1,533,0.001876,533,data
3,1,3B,4,1,2,37,37,1.0,37,data
3,1,HR,0,1,3,372,372,1.0,372,data
3,1,GB_OUT,0,3,0,1235,2575,0.479612,2575,data
3,1,GB_OUT,1,2,1,27,2575,0.010485,2575,data
3,1,GB_OUT,2,2,1,12,2575,0.00466,2575,data
3,1,GB_OUT,3,2,0,84,2575,0.032621,2575,data
3,1,GB_OUT,4,2,1,1,2575,0.000388,2575,data
3,1,GB_OUT,5,2,0,687,2575,0.266796,2575,data
3,1,GB_OUT,6,2,0,529,2575,0.205437,2575,data
3,1,AIR_OUT,0,3,0,123,2880,0.042708,2880,data
3,1,AIR_OUT,2,2,1,2,2880,0.000694,2880,data
3,1,AIR_OUT,3,2,0,2187,2880,0.759375,2880,data
3,1,AIR_OUT,4,2,1,1,2880,0.000347,2880,data
3,1,AIR_OUT,5,2,0,503,2880,0.174653,2880,data
3,1,AIR_OUT,6,2,0,64,2880,0.022222,2880,data
3,1,ROE,2,1,2,1,33,0.030303,33,data
3,1,ROE,3,1,1,3,33,0.090909,33,data
3,1,ROE,5,1,1,5,33,0.151515,33,data
3,1,ROE,6,1,1,8,33,0.242424,33,data
3,1,ROE,7,1,0,16,33,0.484848,33,data
3,1,FC,2,1,2,1,103,0.009709,103,data
3,1,FC,2,2,1,1,103,0.009709,103,data
3,1,FC,3,1,1,7,103,0.067961,103,data
3,1,FC,5,1,1,18,103,0.174757,103,data
3,1,FC,5,2,0,1,103,0.009709,103,data
3,1,FC,6,1,1,4,103,0.038835,103,data
3,1,FC,7,1,0,71,103,0.68932,103,data
3,1,OTHER,7,1,0,13,13,1.0,13,rule
3,2,K,0,3,0,3315,3317,0.999397,3317,data
3,2,K,5,2,1,1,3317,0.000301,3317,data
3,2,K,7,2,0,1,3317,0.000301,3317,data
3,2,BB,0,3,0,1,1230,0.000813,1230,data
3,2,BB,6,2,1,1,1230,0.000813,1230,data
3,2,BB,7,2,0,1228,1230,0.998374,1230,data
3,2,HBP,7,2,0,196,196,1.0,196,data
3,2,1B_IF,0,3,0,19,380,0.05,380,data
3,2,1B_IF,0,3,1,2,380,0.005263,380,data
3,2,1B_IF,2,2,2,2,380,0.005263,380,data
3,2,1B_IF,3,2,1,36,380,0.094737,380,data
3,2,1B_IF,4,2,2,2,380,0.005263,380,data
3,2,1B_IF,5,2,1,62,380,0.163158,380,data
3,2,1B_IF,6,2,1,15,380,0.039474,380,data
3,2,1B_IF,7,2,0,242,380,0.636842,380,data
3,2,1B_OF,0,3,0,48,1557,0.030829,1557,data
3,2,1B_OF,0,3,1,72,1557,0.046243,1557,data
3,2,1B_OF,0,3,2,1,1557,0.000642,1557,data
3,2,1B_OF,1,2,2,9,1557,0.00578,1557,data
3,2,1B_OF,2,2,2,14,1557,0.008992,1557,data
3,2,1B_OF,3,2,1,525,1557,0.337187,1557,data
3,2,1B_OF,4,2,2,15,1557,0.009634,1557,data
3,2,1B_OF,5,2,1,678,1557,0.435453,1557,data
3,2,1B_OF,6,2,1,114,1557,0.073218,1557,data
3,2,1B_OF,7,2,0,81,1557,0.052023,1557,data
3,2,2B,0,2,3,1,656,0.001524,656,data
3,2,2B,0,3,1,22,656,0.033537,656,data
3,2,2B,0,3,2,5,656,0.007622,656,data
3,2,2B,2,2,2,364,656,0.554878,656,data
3,2,2B,4,2,2,22,656,0.033537,656,data
3,2,2B,6,2,1,242,656,0.368902,656,data
3,2,3B,4,2,2,63,63,1.0,63,data
3,2,HR,0,2,3,426,426,1.0,426,data
3,2,GB_OUT,0,3,0,3008,3008,1.0,3008,data
3,2,AIR_OUT,0,3,0,3371,3371,1.0,3371,data
3,2,ROE,0,3,1,2,56,0.035714,56,data
3,2,ROE,2,2,2,1,56,0.017857,56,data
3,2,ROE,3,2,1,5,56,0.089286,56,data
3,2,ROE,5,2,1,16,56,0.285714,56,data
3,2,ROE,6,2,1,5,56,0.089286,56,data
3,2,ROE,7,2,0,27,56,0.482143,56,data
3,2,FC,0,3,0,7,31,0.225806,31,data
3,2,FC,7,2,0,24,31,0.774194,31,data
3,2,OTHER,7,2,0,13,13,1.0,13,rule
4,0,K,4,1,0,217,217,1.0,217,data
4,0,BB,1,0,1,2,116,0.017241,116,data
4,0,BB,5,0,0,114,116,0.982759,116,data
4,0,HBP,5,0,0,12,12,1.0,12,rule
4,0,1B_IF,0,1,1,3,276,0.01087,28,backoff
4,0,1B_IF,1,0,1,242,276,0.876812,28,backoff
4,0,1B_IF,2,0,1,14,276,0.050725,28,backoff
4,0,1B_IF,4,0,1,1,276,0.003623,28,backoff
4,0,1B_IF,5,0,0,16,276,0.057971,28,backoff
4,0,1B_OF,0,1,1,3,144,0.020833,144,data
4,0,1B_OF,1,0,1,141,144,0.979167,144,data
4,0,2B,2,0,1,55,56,0.982143,56,data
4,0,2B,4,0,1,1,56,0.017857,56,data
4,0,3B,4,0,1,40,40,1.0,6,backoff
4,0,HR,0,0,2,29,29,1.0,29,rule
4,0,GB_OUT,0,1,1,68,220,0.309091,220,data
4,0,GB_OUT,4,1,0,152,220,0.690909,220,data
4,0,AIR_OUT,0,1,1,136,254,0.535433,254,data
4,0,AIR_OUT,0,2,0,3,254,0.011811,254,data
4,0,AIR_OUT,4,1,0,115,254,0.452756,254,data
4,0,ROE,1,0,1,53,70,0.757143,6,backoff
4,0,ROE,2,0,1,11,70,0.157143,6,backoff
4,0,ROE,4,0,1,2,70,0.028571,6,backoff
4,0,ROE,5,0,0,4,70,0.057143,6,backoff
4,0,FC,0,1,1,2,234,0.008547,10,backoff
4,0,FC,0,2,0,5,234,0.021368,10,backoff
4,0,FC,1,0,1,61,234,0.260684,10,backoff
4,0,FC,1,1,0,133,234,0.568376,10,backoff
4,0,FC,2,0,1,9,234,0.038462,10,backoff
4,0,FC,2,1,0,21,234,0.089744,10,backoff
4,0,FC,4,0,1,1,234,0.004274,10,backoff
4,0,FC,4,1,0,1,234,0.004274,10,backoff
4,0,FC,5,0,0,1,234,0.004274,10,backoff
4,0,OTHER,5,0,0,1,1,1.0,1,rule
4,1,K,0,2,1,1,874,0.001144,874,data
4,1,K,0,3,0,2,874,0.002288,874,data
4,1,K,4,2,0,870,874,0.995423,874,data
4,1,K,5,1,0,1,874,0.001144,874,data
4,1,BB,1,1,1,4,396,0.010101,396,data
4,1,BB,5,1,0,392,396,0.989899,396,data
4,1,HBP,5,1,0,49,49,1.0,49,data
4,1,1B_IF,0,2,1,2,80,0.025,80,data
4,1,1B_IF,1,1,1,69,80,0.8625,80,data
4,1,1B_IF,2,1,1,1,80,0.0125,80,data
4,1,1B_IF,5,1,0,8,80,0.1,80,data
4,1,1B_OF,0,2,1,8,618,0.012945,618,data
4,1,1B_OF,1,1,1,608,618,0.983819,618,data
4,1,1B_OF,2,1,1,1,618,0.001618,618,data
4,1,1B_OF,5,1,0,1,618,0.001618,618,data
4,1,2B,2,1,1,192,193,0.994819,193,data
4,1,2B,4,1,1,1,193,0.005181,193,data
4,1,3B,4,1,1,40,40,1.0,10,backoff
4,1,HR,0,1,2,106,106,1.0,106,data
4,1,GB_OUT,0,2,1,251,563,0.445826,563,data
4,1,GB_OUT,0,3,0,1,563,0.001776,563,data
4,1,GB_OUT,4,2,0,311,563,0.552398,563,data
4,1,AIR_OUT,0,2,1,552,942,0.585987,942,data
4,1,AIR_OUT,0,3,0,35,942,0.037155,942,data
4,1,AIR_OUT,1,1,1,1,942,0.001062,942,data
4,1,AIR_OUT,4,1,1,1,942,0.001062,942,data
4,1,AIR_OUT,4,2,0,353,942,0.374735,942,data
4,1,ROE,1,1,1,53,70,0.757143,23,backoff
4,1,ROE,2,1,1,11,70,0.157143,23,backoff
4,1,ROE,4,1,1,2,70,0.028571,23,backoff
4,1,ROE,5,1,0,4,70,0.057143,23,backoff
4,1,FC,0,2,1,1,224,0.004464,224,data
4,1,FC,0,3,0,5,224,0.022321,224,data
4,1,FC,1,1,1,60,224,0.267857,224,data
4,1,FC,1,2,0,128,224,0.571429,224,data
4,1,FC,2,1,1,8,224,0.035714,224,data
4,1,FC,2,2,0,20,224,0.089286,224,data
4,1,FC,4,1,1,1,224,0.004464,224,data
4,1,FC,4,2,0,1,224,0.004464,224,data
4,1,OTHER,5,1,0,2,2,1.0,2,rule
4,2,K,0,3,0,1613,1617,0.997526,1617,data
4,2,K,1,2,1,4,1617,0.002474,1617,data
4,2,BB,1,2,1,7,749,0.009346,749,data
4,2,BB,5,2,0,742,749,0.990654,749,data
4,2,HBP,5,2,0,65,65,1.0,65,data
4,2,1B_IF,0,3,1,1,168,0.005952,168,data
4,2,1B_IF,1,2,1,151,168,0.89881,168,data
4,2,1B_IF,2,2,1,13,168,0.077381,168,data
4,2,1B_IF,4,2,1,1,168,0.005952,168,data
4,2,1B_IF,5,2,0,2,168,0.011905,168,data
4,2,1B_OF,0,3,1,5,709,0.007052,709,data
4,2,1B_OF,1,2,1,703,709,0.991537,709,data
4,2,1B_OF,2,2,1,1,709,0.00141,709,data
4,2,2B,2,2,1,283,286,0.98951,286,data
4,2,2B,4,2,1,3,286,0.01049,286,data
4,2,3B,4,2,1,40,40,1.0,24,backoff
4,2,HR,0,2,2,166,166,1.0,166,data
4,2,GB_OUT,0,3,0,1422,1422,1.0,1422,data
4,2,AIR_OUT,0,3,0,1605,1605,1.0,1605,data
4,2,ROE,1,2,1,35,41,0.853659,41,data
4,2,ROE,2,2,1,5,41,0.121951,41,data
4,2,ROE,4,2,1,1,41,0.02439,41,data
4,2,FC,0,3,0,162,234,0.692308,0,backoff
4,2,FC,1,2,1,61,234,0.260684,0,backoff
4,2,FC,2,2,1,9,234,0.038462,0,backoff
4,2,FC,4,2,1,1,234,0.004274,0,backoff
4,2,FC,5,2,0,1,234,0.004274,0,backoff
4,2,OTHER,5,2,0,6,6,1.0,6,rule
5,0,K,0,2,1,1,429,0.002331,429,data
5,0,K,2,1,1,1,429,0.002331,429,data
5,0,K,4,1,1,1,429,0.002331,429,data
5,0,K,5,1,0,406,429,0.946387,429,data
5,0,K,6,1,0,20,429,0.04662,429,data
5,0,BB,3,0,1,1,138,0.007246,138,data
5,0,BB,7,0,0,137,138,0.992754,138,data
5,0,HBP,7,0,0,31,31,1.0,31,data
5,0,1B_IF,3,0,1,35,47,0.744681,47,data
5,0,1B_IF,4,0,2,1,47,0.021277,47,data
5,0,1B_IF,5,0,1,9,47,0.191489,47,data
5,0,1B_IF,7,0,0,2,47,0.042553,47,data
5,0,1B_OF,1,0,2,1,362,0.002762,362,data
5,0,1B_OF,1,1,1,4,362,0.01105,362,data
5,0,1B_OF,3,0,1,263,362,0.726519,362,data
5,0,1B_OF,4,1,1,1,362,0.002762,362,data
5,0,1B_OF,5,0,1,88,362,0.243094,362,data
5,0,1B_OF,6,0,1,4,362,0.01105,362,data
5,0,1B_OF,7,0,0,1,362,0.002762,362,data
5,0,2B,0,0,3,1,123,0.00813,123,data
5,0,2B,0,1,2,2,123,0.01626,123,data
5,0,2B,2,0,2,28,123,0.227642,123,data
5,0,2B,2,1,1,2,123,0.01626,123,data
5,0,2B,4,0,2,4,123,0.03252,123,data
5,0,2B,4,1,1,1,123,0.00813,123,data
5,0,2B,6,0,1,85,123,0.691057,123,data
5,0,3B,4,0,2,46,46,1.0,9,backoff
5,0,HR,0,0,3,80,80,1.0,80,data
5,0,GB_OUT,0,2,1,110,358,0.307263,358,data
5,0,GB_OUT,1,1,1,136,358,0.379888,358,data
5,0,GB_OUT,1,2,0,2,358,0.005587,358,data
5,0,GB_OUT,2,1,1,70,358,0.195531,358,data
5,0,GB_OUT,2,2,0,3,358,0.00838,358,data
5,0,GB_OUT,4,2,0,9,358,0.02514,358,data
5,0,GB_OUT,5,1,0,9,358,0.02514,358,data
5,0,GB_OUT,6,1,0,19,358,0.053073,358,data
5,0,AIR_OUT,0,2,1,6,537,0.011173,537,data
5,0,AIR_OUT,0,3,0,1,537,0.001862,537,data
5,0,AIR_OUT,1,1,1,260,537,0.484171,537,data
5,0,AIR_OUT,1,2,0,2,537,0.003724,537,data
5,0,AIR_OUT,2,1,1,39,537,0.072626,537,data
5,0,AIR_OUT,2,2,0,1,537,0.001862,537,data
5,0,AIR_OUT,4,1,1,2,537,0.003724,537,data
5,0,AIR_OUT,4,2,0,9,537,0.01676,537,data
5,0,AIR_OUT,5,1,0,209,537,0.389199,537,data
5,0,AIR_OUT,6,1,0,8,537,0.014898,537,data
5,0,ROE,0,1,2,1,52,0.019231,4,backoff
5,0,ROE,1,0,2,1,52,0.019231,4,backoff
5,0,ROE,2,0,2,2,52,0.038462,4,backoff
5,0,ROE,3,0,1,28,52,0.538462,4,backoff
5,0,ROE,5,0,1,9,52,0.173077,4,backoff
5,0,ROE,6,0,1,10,52,0.192308,4,backoff
5,0,ROE,7,0,0,1,52,0.019231,4,backoff
5,0,FC,1,2,0,1,78,0.012821,78,data
5,0,FC,2,0,2,1,78,0.012821,78,data
5,0,FC,2,2,0,2,78,0.025641,78,data
5,0,FC,3,0,1,18,78,0.230769,78,data
5,0,FC,3,1,0,39,78,0.5,78,data
5,0,FC,5,0,1,3,78,0.038462,78,data
5,0,FC,5,1,0,3,78,0.038462,78,data
5,0,FC,6,1,0,6,78,0.076923,78,data
5,0,FC,7,0,0,5,78,0.064103,78,data
5,0,OTHER,7,0,0,0,0,1.0,0,rule
5,1,K,0,3,0,15,942,0.015924,942,data
5,1,K,0,3,1,2,942,0.002123,942,data
5,1,K,2,2,1,10,942,0.010616,942,data
5,1,K,4,2,1,2,942,0.002123,942,data
5,1,K,5,2,0,859,942,0.91189,942,data
5,1,K,6,2,0,54,942,0.057325,942,data
5,1,BB,3,1,1,4,339,0.011799,339,data
5,1,BB,5,1,1,1,339,0.00295,339,data
5,1,BB,5,2,0,1,339,0.00295,339,data
5,1,BB,7,1,0,333,339,0.982301,339,data
5,1,HBP,7,1,0,66,66,1.0,66,data
5,1,1B_IF,1,2,1,1,95,0.010526,95,data
5,1,1B_IF,3,1,1,78,95,0.821053,95,data
5,1,1B_IF,5,1,1,13,95,0.136842,95,data
5,1,1B_IF,7,1,0,3,95,0.031579,95,data
5,1,1B_OF,1,1,2,2,698,0.002865,698,data
5,1,1B_OF,1,2,1,4,698,0.005731,698,data
5,1,1B_OF,2,1,2,1,698,0.001433,698,data
5,1,1B_OF,2,2,1,3,698,0.004298,698,data
5,1,1B_OF,3,1,1,484,698,0.69341,698,data
5,1,1B_OF,4,1,2,2,698,0.002865,698,data
5,1,1B_OF,4,2,1,4,698,0.005731,698,data
5,1,1B_OF,5,1,1,187,698,0.267908,698,data
5,1,1B_OF,6,1,1,11,698,0.015759,698,data
5,1,2B,0,2,2,1,236,0.004237,236,data
5,1,2B,2,1,2,56,236,0.237288,236,data
5,1,2B,2,2,1,3,236,0.012712,236,data
5,1,2B,4,1,2,8,236,0.033898,236,data
5,1,2B,4,2,1,6,236,0.025424,236,data
5,1,2B,6,1,1,162,236,0.686441,236,data
5,1,3B,4,1,2,46,46,1.0,21,backoff
5,1,HR,0,1,3,127,127,1.0,127,data
5,1,GB_OUT,0,3,0,493,969,0.508772,969,data
5,1,GB_OUT,0,3,1,4,969,0.004128,969,data
5,1,GB_OUT,1,2,1,274,969,0.282766,969,data
5,1,GB_OUT,2,2,1,166,969,0.171311,969,data
5,1,GB_OUT,4,2,1,6,969,0.006192,969,data
5,1,GB_OUT,5,2,0,6,969,0.006192,969,data
5,1,GB_OUT,6,2,0,20,969,0.02064,969,data
5,1,AIR_OUT,0,2,2,2,1176,0.001701,1176,data
5,1,AIR_OUT,0,3,0,45,1176,0.038265,1176,data
5,1,AIR_OUT,0,3,1,10,1176,0.008503,1176,data
5,1,AIR_OUT,1,2,1,596,1176,0.506803,1176,data
5,1,AIR_OUT,2,2,1,98,1176,0.083333,1176,data
5,1,AIR_OUT,3,1,1,1,1176,0.00085,1176,data
5,1,AIR_OUT,5,2,0,417,1176,0.354592,1176,data
5,1,AIR_OUT,6,1,1,1,1176,0.00085,1176,data
5,1,AIR_OUT,6,2,0,6,1176,0.005102,1176,data
5,1,ROE,0,2,2,1,52,0.019231,14,backoff
5,1,ROE,1,1,2,1,52,0.019231,14,backoff
5,1,ROE,2,1,2,2,52,0.038462,14,backoff
5,1,ROE,3,1,1,28,52,0.538462,14,backoff
5,1,ROE,5,1,1,9,52,0.173077,14,backoff
5,1,ROE,6,1,1,10,52,0.192308,14,backoff
5,1,ROE,7,1,0,1,52,0.019231,14,backoff
5,1,FC,0,3,0,1,150,0.006667,150,data
5,1,FC,1,2,1,2,150,0.013333,150,data
5,1,FC,3,1,1,47,150,0.313333,150,data
5,1,FC,3,2,0,69,150,0.46,150,data
5,1,FC,4,1,2,1,150,0.006667,150,data
5,1,FC,5,1,1,8,150,0.053333,150,data
5,1,FC,5,2,0,6,150,0.04,150,data
5,1,FC,6,1,1,7,150,0.046667,150,data
5,1,FC,6,2,0,9,150,0.06,150,data
5,1,OTHER,7,1,0,6,6,1.0,6,rule
5,2,K,0,3,0,1372,1372,1.0,1372,data
5,2,BB,3,2,1,4,542,0.00738,542,data
5,2,BB,5,2,1,1,542,0.001845,542,data
5,2,BB,7,2,0,537,542,0.990775,542,data
5,2,HBP,7,2,0,71,71,1.0,71,data
5,2,1B_IF,0,3,0,1,144,0.006944,144,data
5,2,1B_IF,0,3,1,6,144,0.041667,144,data
5,2,1B_IF,2,2,2,1,144,0.006944,144,data
5,2,1B_IF,3,2,1,111,144,0.770833,144,data
5,2,1B_IF,5,2,1,23,144,0.159722,144,data
5,2,1B_IF,6,2,1,2,144,0.013889,144,data
5,2,1B_OF,0,3,0,1,818,0.001222,818,data
5,2,1B_OF,0,3,1,10,818,0.012225,818,data
5,2,1B_OF,0,3,2,1,818,0.001222,818,data
5,2,1B_OF,1,2,2,1,818,0.001222,818,data
5,2,1B_OF,2,2,2,1,818,0.001222,818,data
5,2,1B_OF,3,2,1,473,818,0.57824,818,data
5,2,1B_OF,4,2,2,3,818,0.003667,818,data
5,2,1B_OF,5,2,1,314,818,0.383863,818,data
5,2,1B_OF,6,2,1,14,818,0.017115,818,data
5,2,2B,0,3,1,9,310,0.029032,310,data
5,2,2B,0,3,2,6,310,0.019355,310,data
5,2,2B,2,2,2,157,310,0.506452,310,data
5,2,2B,4,2,2,9,310,0.029032,310,data
5,2,2B,6,2,1,129,310,0.416129,310,data
5,2,3B,4,2,2,46,46,1.0,16,backoff
5,2,HR,0,2,3,195,195,1.0,195,data
5,2,GB_OUT,0,3,0,1310,1310,1.0,1310,data
5,2,AIR_OUT,0,3,0,1635,1635,1.0,1635,data
5,2,ROE,0,3,2,1,34,0.029412,34,data
5,2,ROE,1,2,2,1,34,0.029412,34,data
5,2,ROE,2,2,2,2,34,0.058824,34,data
5,2,ROE,3,2,1,18,34,0.529412,34,data
5,2,ROE,5,2,1,4,34,0.117647,34,data
5,2,ROE,6,2,1,8,34,0.235294,34,data
5,2,FC,0,3,0,138,231,0.597403,3,backoff
5,2,FC,2,2,2,1,231,0.004329,3,backoff
5,2,FC,3,2,1,68,231,0.294372,3,backoff
5,2,FC,4,2,2,1,231,0.004329,3,backoff
5,2,FC,5,2,1,11,231,0.047619,3,backoff
5,2,FC,6,2,1,7,231,0.030303,3,backoff
5,2,FC,7,2,0,5,231,0.021645,3,backoff
5,2,OTHER,7,2,0,2,2,1.0,2,rule
6,0,K,2,2,0,1,356,0.002809,356,data
6,0,K,6,1,0,355,356,0.997191,356,data
6,0,BB,5,0,1,2,164,0.012195,164,data
6,0,BB,7,0,0,162,164,0.987805,164,data
6,0,HBP,7,0,0,10,10,1.0,10,rule
6,0,1B_IF,0,1,2,1,44,0.022727,44,data
6,0,1B_IF,1,0,2,1,44,0.022727,44,data
6,0,1B_IF,2,0,2,4,44,0.090909,44,data
6,0,1B_IF,3,0,1,5,44,0.113636,44,data
6,0,1B_IF,5,0,1,24,44,0.545455,44,data
6,0,1B_IF,6,0,1,1,44,0.022727,44,data
6,0,1B_IF,7,0,0,8,44,0.181818,44,data
6,0,1B_OF,0,0,3,1,217,0.004608,217,data
6,0,1B_OF,1,0,2,74,217,0.341014,217,data
6,0,1B_OF,1,1,1,1,217,0.004608,217,data
6,0,1B_OF,2,0,2,11,217,0.050691,217,data
6,0,1B_OF,2,1,1,1,217,0.004608,217,data
6,0,1B_OF,3,0,1,2,217,0.009217,217,data
6,0,1B_OF,4,1,1,1,217,0.004608,217,data
6,0,1B_OF,5,0,1,124,217,0.571429,217,data
6,0,1B_OF,6,0,1,2,217,0.009217,217,data
6,0,2B,2,0,2,86,91,0.945055,91,data
6,0,2B,4,0,2,1,91,0.010989,91,data
6,0,2B,6,0,1,4,91,0.043956,91,data
6,0,3B,4,0,2,46,46,1.0,7,backoff
6,0,HR,0,0,3,54,54,1.0,54,data
6,0,GB_OUT,2,1,1,55,347,0.158501,347,data
6,0,GB_OUT,2,2,0,1,347,0.002882,347,data
6,0,GB_OUT,4,1,1,116,347,0.334294,347,data
6,0,GB_OUT,4,2,0,2,347,0.005764,347,data
6,0,GB_OUT,6,1,0,173,347,0.498559,347,data
6,0,AIR_OUT,0,1,2,2,413,0.004843,413,data
6,0,AIR_OUT,0,2,1,2,413,0.004843,413,data
6,0,AIR_OUT,2,1,1,100,413,0.242131,413,data
6,0,AIR_OUT,2,2,0,5,413,0.012107,413,data
6,0,AIR_OUT,4,1,1,126,413,0.305085,413,data
6,0,AIR_OUT,4,2,0,6,413,0.014528,413,data
6,0,AIR_OUT,6,1,0,172,413,0.416465,413,data
6,0,ROE,0,1,1,1,63,0.015873,15,backoff
6,0,ROE,1,0,2,16,63,0.253968,15,backoff
6,0,ROE,2,0,2,6,63,0.095238,15,backoff
6,0,ROE,3,0,1,5,63,0.079365,15,backoff
6,0,ROE,5,0,1,25,63,0.396825,15,backoff
6,0,ROE,6,0,1,2,63,0.031746,15,backoff
6,0,ROE,7,0,0,8,63,0.126984,15,backoff
6,0,FC,1,1,1,8,50,0.16,50,data
6,0,FC,2,2,0,1,50,0.02,50,data
6,0,FC,3,0,1,4,50,0.08,50,data
6,0,FC,3,1,0,11,50,0.22,50,data
6,0,FC,5,0,1,2,50,0.04,50,data
6,0,FC,5,1,0,16,50,0.32,50,data
6,0,FC,6,0,1,1,50,0.02,50,data
6,0,FC,6,1,0,5,50,0.1,50,data
6,0,FC,7,0,0,2,50,0.04,50,data
6,0,OTHER,7,0,0,4,4,1.0,4,rule
6,1,K,0,3,0,2,838,0.002387,838,data
6,1,K,4,2,1,1,838,0.001193,838,data
6,1,K,5,1,1,1,838,0.001193,838,data
6,1,K,6,2,0,833,838,0.994033,838,data
6,1,K,7,1,0,1,838,0.001193,838,data
6,1,BB,5,1,1,1,382,0.002618,382,data
6,1,BB,7,1,0,381,382,0.997382,382,data
6,1,HBP,7,1,0,55,55,1.0,55,data
6,1,1B_IF,1,1,2,17,92,0.184783,92,data
6,1,1B_IF,2,1,2,7,92,0.076087,92,data
6,1,1B_IF,3,1,1,13,92,0.141304,92,data
6,1,1B_IF,5,1,1,49,92,0.532609,92,data
6,1,1B_IF,6,1,1,2,92,0.021739,92,data
6,1,1B_IF,7,1,0,4,92,0.043478,92,data
6,1,1B_OF,0,2,2,6,558,0.010753,558,data
6,1,1B_OF,1,1,2,258,558,0.462366,558,data
6,1,1B_OF,1,2,1,9,558,0.016129,558,data
6,1,1B_OF,2,1,2,37,558,0.066308,558,data
6,1,1B_OF,2,2,1,6,558,0.010753,558,data
6,1,1B_OF,3,1,1,4,558,0.007168,558,data
6,1,1B_OF,4,1,2,1,558,0.001792,558,data
6,1,1B_OF,4,2,1,2,558,0.003584,558,data
6,1,1B_OF,5,1,1,227,558,0.40681,558,data
6,1,1B_OF,6,1,1,7,558,0.012545,558,data
6,1,1B_OF,7,1,0,1,558,0.001792,558,data
6,1,2B,0,2,2,1,203,0.004926,203,data
6,1,2B,2,1,2,190,203,0.935961,203,data
6,1,2B,4,1,2,1,203,0.004926,203,data
6,1,2B,4,2,1,1,203,0.004926,203,data
6,1,2B,6,1,1,10,203,0.049261,203,data
6,1,3B,4,1,2,46,46,1.0,15,backoff
6,1,HR,0,1,3,103,103,1.0,103,data
6,1,GB_OUT,0,2,2,3,522,0.005747,522,data
6,1,GB_OUT,0,3,0,1,522,0.001916,522,data
6,1,GB_OUT,0,3,1,1,522,0.001916,522,data
6,1,GB_OUT,2,2,1,91,522,0.17433,522,data
6,1,GB_OUT,4,2,1,301,522,0.576628,522,data
6,1,GB_OUT,6,2,0,125,522,0.239464,522,data
6,1,AIR_OUT,0,2,2,1,924,0.001082,924,data
6,1,AIR_OUT,0,3,0,40,924,0.04329,924,data
6,1,AIR_OUT,0,3,1,7,924,0.007576,924,data
6,1,AIR_OUT,2,2,1,246,924,0.266234,924,data
6,1,AIR_OUT,3,1,1,1,924,0.001082,924,data
6,1,AIR_OUT,4,2,1,284,924,0.307359,924,data
6,1,AIR_OUT,5,1,1,1,924,0.001082,924,data
6,1,AIR_OUT,6,2,0,344,924,0.372294,924,data
6,1,ROE,0,2,1,1,63,0.015873,17,backoff
6,1,ROE,1,1,2,16,63,0.253968,17,backoff
6,1,ROE,2,1,2,6,63,0.095238,17,backoff
6,1,ROE,3,1,1,5,63,0.079365,17,backoff
6,1,ROE,5,1,1,25,63,0.396825,17,backoff
6,1,ROE,6,1,1,2,63,0.031746,17,backoff
6,1,ROE,7,1,0,8,63,0.126984,17,backoff
6,1,FC,0,2,2,1,255,0.003922,255,data
6,1,FC,0,3,0,2,255,0.007843,255,data
6,1,FC,0,3,1,1,255,0.003922,255,data
6,1,FC,1,1,2,5,255,0.019608,255,data
6,1,FC,1,2,1,9,255,0.035294,255,data
6,1,FC,2,1,2,6,255,0.023529,255,data
6,1,FC,2,2,1,1,255,0.003922,255,data
6,1,FC,3,1,1,6,255,0.023529,255,data
6,1,FC,3,2,0,41,255,0.160784,255,data
6,1,FC,5,1,1,46,255,0.180392,255,data
6,1,FC,5,2,0,118,255,0.462745,255,data
6,1,FC,6,1,1,1,255,0.003922,255,data
6,1,FC,6,2,0,16,255,0.062745,255,data
6,1,FC,7,1,0,2,255,0.007843,255,data
6,1,OTHER,7,1,0,2,2,1.0,2,rule
6,2,K,0,3,0,1238,1239,0.999193,1239,data
6,2,K,5,2,1,1,1239,0.000807,1239,data
6,2,BB,5,2,1,6,597,0.01005,597,data
6,2,BB,7,2,0,591,597,0.98995,597,data
6,2,HBP,7,2,0,57,57,1.0,57,data
6,2,1B_IF,0,3,1,4,117,0.034188,117,data
6,2,1B_IF,1,2,2,35,117,0.299145,117,data
6,2,1B_IF,2,2,2,3,117,0.025641,117,data
6,2,1B_IF,5,2,1,74,117,0.632479,117,data
6,2,1B_IF,7,2,0,1,117,0.008547,117,data
6,2,1B_OF,0,2,3,1,490,0.002041,490,data
6,2,1B_OF,0,3,1,15,490,0.030612,490,data
6,2,1B_OF,0,3,2,15,490,0.030612,490,data
6,2,1B_OF,1,2,2,392,490,0.8,490,data
6,2,1B_OF,2,2,2,34,490,0.069388,490,data
6,2,1B_OF,4,2,2,1,490,0.002041,490,data
6,2,1B_OF,5,2,1,30,490,0.061224,490,data
6,2,1B_OF,6,2,1,2,490,0.004082,490,data
6,2,2B,0,3,2,2,184,0.01087,184,data
6,2,2B,2,2,2,182,184,0.98913,184,data
6,2,3B,4,2,2,46,46,1.0,24,backoff
6,2,HR,0,2,3,147,147,1.0,147,data
6,2,GB_OUT,0,3,0,990,990,1.0,990,data
6,2,AIR_OUT,0,3,0,1070,1070,1.0,1070,data
6,2,ROE,0,3,1,1,31,0.032258,31,data
6,2,ROE,1,2,2,12,31,0.387097,31,data
6,2,ROE,2,2,2,4,31,0.129032,31,data
6,2,ROE,3,2,1,1,31,0.032258,31,data
6,2,ROE,5,2,1,13,31,0.419355,31,data
6,2,FC,0,3,0,237,313,0.757188,8,backoff
6,2,FC,1,2,2,5,313,0.015974,8,backoff
6,2,FC,2,2,2,6,313,0.019169,8,backoff
6,2,FC,3,2,1,10,313,0.031949,8,backoff
6,2,FC,5,2,1,49,313,0.15655,8,backoff
6,2,FC,6,2,1,2,313,0.00639,8,backoff
6,2,FC,7,2,0,4,313,0.01278,8,backoff
6,2,OTHER,7,2,0,4,4,1.0,4,rule
7,0,K,6,1,1,1,388,0.002577,388,data
7,0,K,7,1,0,387,388,0.997423,388,data
7,0,BB,7,0,1,97,97,1.0,97,data
7,0,HBP,7,0,1,16,16,1.0,16,rule
7,0,1B_IF,3,0,2,3,34,0.088235,34,data
7,0,1B_IF,5,0,2,3,34,0.088235,34,data
7,0,1B_IF,6,0,2,1,34,0.029412,34,data
7,0,1B_IF,7,0,1,27,34,0.794118,34,data
7,0,1B_OF,0,1,3,1,250,0.004,250,data
7,0,1B_OF,1,1,2,2,250,0.008,250,data
7,0,1B_OF,2,0,3,1,250,0.004,250,data
7,0,1B_OF,2,1,2,1,250,0.004,250,data
7,0,1B_OF,3,0,2,63,250,0.252,250,data
7,0,1B_OF,3,1,1,1,250,0.004,250,data
7,0,1B_OF,4,0,3,1,250,0.004,250,data
7,0,1B_OF,4,1,2,2,250,0.008,250,data
7,0,1B_OF,5,0,2,40,250,0.16,250,data
7,0,1B_OF,5,1,1,1,250,0.004,250,data
7,0,1B_OF,6,0,2,4,250,0.016,250,data
7,0,1B_OF,6,1,1,1,250,0.004,250,data
7,0,1B_OF,7,0,1,132,250,0.528,250,data
7,0,2B,2,0,3,22,98,0.22449,98,data
7,0,2B,2,1,2,3,98,0.030612,98,data
7,0,2B,4,0,3,1,98,0.010204,98,data
7,0,2B,4,1,2,1,98,0.010204,98,data
7,0,2B,6,0,2,71,98,0.72449,98,data
7,0,3B,0,0,4,3,61,0.04918,8,backoff
7,0,3B,0,1,3,1,61,0.016393,8,backoff
7,0,3B,4,0,3,57,61,0.934426,8,backoff
7,0,HR,0,0,4,51,51,1.0,51,data
7,0,GB_OUT,1,1,2,3,419,0.00716,419,data
7,0,GB_OUT,1,2,1,2,419,0.004773,419,data
7,0,GB_OUT,2,2,1,5,419,0.011933,419,data
7,0,GB_OUT,3,1,1,11,419,0.026253,419,data
7,0,GB_OUT,3,2,0,7,419,0.016706,419,data
7,0,GB_OUT,4,2,1,114,419,0.272076,419,data
7,0,GB_OUT,5,1,1,88,419,0.210024,419,data
7,0,GB_OUT,6,1,1,65,419,0.155131,419,data
7,0,GB_OUT,6,2,0,31,419,0.073986,419,data
7,0,GB_OUT,7,1,0,93,419,0.221957,419,data
7,0,AIR_OUT,1,2,1,4,468,0.008547,468,data
7,0,AIR_OUT,2,2,1,3,468,0.00641,468,data
7,0,AIR_OUT,3,1,1,108,468,0.230769,468,data
7,0,AIR_OUT,3,2,0,2,468,0.004274,468,data
7,0,AIR_OUT,4,1,2,3,468,0.00641,468,data
7,0,AIR_OUT,4,2,1,3,468,0.00641,468,data
7,0,AIR_OUT,5,1,1,109,468,0.232906,468,data
7,0,AIR_OUT,5,2,0,8,468,0.017094,468,data
7,0,AIR_OUT,6,1,1,40,468,0.08547,468,data
7,0,AIR_OUT,6,2,0,5,468,0.010684,468,data
7,0,AIR_OUT,7,0,1,1,468,0.002137,468,data
7,0,AIR_OUT,7,1,0,182,468,0.388889,468,data
7,0,ROE,0,1,1,1,42,0.02381,2,backoff
7,0,ROE,2,0,3,4,42,0.095238,2,backoff
7,0,ROE,3,0,2,2,42,0.047619,2,backoff
7,0,ROE,4,0,3,1,42,0.02381,2,backoff
7,0,ROE,5,0,2,8,42,0.190476,2,backoff
7,0,ROE,6,0,2,6,42,0.142857,2,backoff
7,0,ROE,7,0,1,20,42,0.47619,2,backoff
7,0,FC,0,1,0,1,78,0.012821,21,backoff
7,0,FC,2,0,3,3,78,0.038462,21,backoff
7,0,FC,3,0,2,8,78,0.102564,21,backoff
7,0,FC,4,1,2,1,78,0.012821,21,backoff
7,0,FC,5,0,2,7,78,0.089744,21,backoff
7,0,FC,5,1,1,1,78,0.012821,21,backoff
7,0,FC,6,0,2,6,78,0.076923,21,backoff
7,0,FC,7,0,1,51,78,0.653846,21,backoff
7,0,OTHER,7,0,1,1,1,1.0,1,rule
7,1,K,0,3,0,1,890,0.001124,890,data
7,1,K,7,2,0,889,890,0.998876,890,data
7,1,BB,7,1,1,220,220,1.0,220,data
7,1,HBP,7,1,1,66,66,1.0,66,data
7,1,1B_IF,2,2,2,1,83,0.012048,83,data
7,1,1B_IF,3,1,2,5,83,0.060241,83,data
7,1,1B_IF,5,1,2,8,83,0.096386,83,data
7,1,1B_IF,6,1,2,4,83,0.048193,83,data
7,1,1B_IF,7,1,1,65,83,0.783133,83,data
7,1,1B_OF,1,2,2,4,481,0.008316,481,data
7,1,1B_OF,2,2,2,3,481,0.006237,481,data
7,1,1B_OF,3,1,2,139,481,0.288981,481,data
7,1,1B_OF,3,2,1,2,481,0.004158,481,data
7,1,1B_OF,4,1,3,3,481,0.006237,481,data
7,1,1B_OF,4,2,2,1,481,0.002079,481,data
7,1,1B_OF,5,1,2,108,481,0.224532,481,data
7,1,1B_OF,5,2,1,1,481,0.002079,481,data
7,1,1B_OF,6,1,2,17,481,0.035343,481,data
7,1,1B_OF,7,1,1,203,481,0.422037,481,data
7,1,2B,0,2,3,2,208,0.009615,208,data
7,1,2B,2,1,3,60,208,0.288462,208,data
7,1,2B,2,2,2,2,208,0.009615,208,data
7,1,2B,4,1,3,10,208,0.048077,208,data
7,1,2B,6,1,2,134,208,0.644231,208,data
7,1,3B,0,1,4,3,61,0.04918,23,backoff
7,1,3B,0,2,3,1,61,0.016393,23,backoff
7,1,3B,4,1,3,57,61,0.934426,23,backoff
7,1,HR,0,1,4,114,114,1.0,114,data
7,1,GB_OUT,0,3,0,369,829,0.445115,829,data
7,1,GB_OUT,0,3,1,2,829,0.002413,829,data
7,1,GB_OUT,1,2,2,5,829,0.006031,829,data
7,1,GB_OUT,2,2,2,7,829,0.008444,829,data
7,1,GB_OUT,3,2,1,13,829,0.015682,829,data
7,1,GB_OUT,5,2,1,189,829,0.227986,829,data
7,1,GB_OUT,6,2,1,152,829,0.183353,829,data
7,1,GB_OUT,7,2,0,92,829,0.110977,829,data
7,1,AIR_OUT,0,3,0,42,993,0.042296,993,data
7,1,AIR_OUT,0,3,1,12,993,0.012085,993,data
7,1,AIR_OUT,1,2,2,1,993,0.001007,993,data
7,1,AIR_OUT,2,2,2,2,993,0.002014,993,data
7,1,AIR_OUT,3,1,2,1,993,0.001007,993,data
7,1,AIR_OUT,3,2,1,308,993,0.310171,993,data
7,1,AIR_OUT,4,2,2,1,993,0.001007,993,data
7,1,AIR_OUT,5,2,1,207,993,0.208459,993,data
7,1,AIR_OUT,6,2,1,69,993,0.069486,993,data
7,1,AIR_OUT,7,1,1,4,993,0.004028,993,data
7,1,AIR_OUT,7,2,0,346,993,0.348439,993,data
7,1,ROE,0,2,1,1,42,0.02381,5,backoff
7,1,ROE,2,1,3,4,42,0.095238,5,backoff
7,1,ROE,3,1,2,2,42,0.047619,5,backoff
7,1,ROE,4,1,3,1,42,0.02381,5,backoff
7,1,ROE,5,1,2,8,42,0.190476,5,backoff
7,1,ROE,6,1,2,6,42,0.142857,5,backoff
7,1,ROE,7,1,1,20,42,0.47619,5,backoff
7,1,FC,2,1,3,1,43,0.023256,43,data
7,1,FC,3,1,2,4,43,0.093023,43,data
7,1,FC,4,2,2,1,43,0.023256,43,data
7,1,FC,5,1,2,4,43,0.093023,43,data
7,1,FC,5,2,1,1,43,0.023256,43,data
7,1,FC,6,1,2,4,43,0.093023,43,data
7,1,FC,7,1,1,28,43,0.651163,43,data
7,1,OTHER,7,1,1,2,2,1.0,2,rule
7,2,K,0,3,0,1143,1145,0.998253,1145,data
7,2,K,7,2,1,2,1145,0.001747,1145,data
7,2,BB,0,2,1,1,416,0.002404,416,data
7,2,BB,7,2,1,415,416,0.997596,416,data
7,2,HBP,7,2,1,69,69,1.0,69,data
7,2,1B_IF,0,3,0,1,113,0.00885,113,data
7,2,1B_IF,0,3,1,2,113,0.017699,113,data
7,2,1B_IF,2,2,3,1,113,0.00885,113,data
7,2,1B_IF,3,2,2,8,113,0.070796,113,data
7,2,1B_IF,5,2,2,20,113,0.176991,113,data
7,2,1B_IF,6,2,2,2,113,0.017699,113,data
7,2,1B_IF,7,2,1,79,113,0.699115,113,data
7,2,1B_OF,0,3,1,15,573,0.026178,573,data
7,2,1B_OF,0,3,2,28,573,0.048866,573,data
7,2,1B_OF,1,2,3,3,573,0.005236,573,data
7,2,1B_OF,2,2,3,9,573,0.015707,573,data
7,2,1B_OF,3,2,2,189,573,0.329843,573,data
7,2,1B_OF,5,2,2,259,573,0.452007,573,data
7,2,1B_OF,6,2,2,30,573,0.052356,573,data
7,2,1B_OF,7,2,1,40,573,0.069808,573,data
7,2,2B,0,3,2,3,220,0.013636,220,data
7,2,2B,0,3,3,3,220,0.013636,220,data
7,2,2B,2,2,3,119,220,0.540909,220,data
7,2,2B,4,2,3,7,220,0.031818,220,data
7,2,2B,6,2,2,88,220,0.4,220,data
7,2,3B,0,2,4,2,30,0.066667,30,data
7,2,3B,4,2,3,28,30,0.933333,30,data
7,2,HR,0,2,4,167,167,1.0,167,data
7,2,GB_OUT,0,3,0,1066,1066,1.0,1066,data
7,2,AIR_OUT,0,3,0,1254,1254,1.0,1254,data
7,2,ROE,0,3,1,1,35,0.028571,35,data
7,2,ROE,2,2,3,4,35,0.114286,35,data
7,2,ROE,3,2,2,2,35,0.057143,35,data
7,2,ROE,5,2,2,7,35,0.2,35,data
7,2,ROE,6,2,2,5,35,0.142857,35,data
7,2,ROE,7,2,1,16,35,0.457143,35,data
7,2,FC,0,3,0,3,78,0.038462,14,backoff
7,2,FC,2,2,3,3,78,0.038462,14,backoff
7,2,FC,3,2,2,8,78,0.102564,14,backoff
7,2,FC,5,2,2,7,78,0.089744,14,backoff
7,2,FC,6,2,2,6,78,0.076923,14,backoff
7,2,FC,7,2,1,51,78,0.653846,14,backoff
7,2,OTHER,7,2,1,6,6,1.0,6,rule
