balls,strikes,category,k,n,p
0,0,K,123677,544339,0.227206
0,0,BB,44557,544339,0.081855
0,0,HBP,6060,544339,0.011133
0,0,1B,76993,544339,0.141443
0,0,2B,23743,544339,0.043618
0,0,3B,2037,544339,0.003742
0,0,HR,16971,544339,0.031177
0,0,GB_OUT,113318,544339,0.208175
0,0,AIR_OUT,131516,544339,0.241607
0,0,ROE,3163,544339,0.005811
0,0,FC,2020,544339,0.003711
0,0,OTHER,284,544339,0.000522
0,1,K,84871,277054,0.306334
0,1,BB,14139,277054,0.051033
0,1,HBP,2914,277054,0.010518
0,1,1B,37144,277054,0.134068
0,1,2B,10701,277054,0.038624
0,1,3B,936,277054,0.003378
0,1,HR,6961,277054,0.025125
0,1,GB_OUT,56147,277054,0.202657
0,1,AIR_OUT,60577,277054,0.218647
0,1,ROE,1573,277054,0.005678
0,1,FC,965,277054,0.003483
0,1,OTHER,126,277054,0.000455
0,2,K,54347,117999,0.460572
0,2,BB,3694,117999,0.031305
0,2,HBP,1136,117999,0.009627
0,2,1B,12753,117999,0.108077
0,2,2B,3468,117999,0.02939
0,2,3B,309,117999,0.002619
0,2,HR,2035,117999,0.017246
0,2,GB_OUT,19276,117999,0.163357
0,2,AIR_OUT,20025,117999,0.169705
0,2,ROE,556,117999,0.004712
0,2,FC,349,117999,0.002958
0,2,OTHER,51,117999,0.000432
1,0,K,38806,206003,0.188376
1,0,BB,30418,206003,0.147658
1,0,HBP,1761,206003,0.008548
1,0,1B,27633,206003,0.134139
1,0,2B,8920,206003,0.0433
1,0,3B,765,206003,0.003714
1,0,HR,6810,206003,0.033058
1,0,GB_OUT,39957,206003,0.193963
1,0,AIR_OUT,49015,206003,0.237933
1,0,ROE,1104,206003,0.005359
1,0,FC,702,206003,0.003408
1,0,OTHER,112,206003,0.000544
1,1,K,59283,214731,0.27608
1,1,BB,20426,214731,0.095124
1,1,HBP,1857,214731,0.008648
1,1,1B,27748,214731,0.129222
1,1,2B,8333,214731,0.038807
1,1,3B,749,214731,0.003488
1,1,HR,5820,214731,0.027104
1,1,GB_OUT,41441,214731,0.19299
1,1,AIR_OUT,47085,214731,0.219274
1,1,ROE,1179,214731,0.005491
1,1,FC,709,214731,0.003302
1,1,OTHER,101,214731,0.00047
1,2,K,70865,164198,0.431583
1,2,BB,9850,164198,0.059989
1,2,HBP,1339,164198,0.008155
1,2,1B,17613,164198,0.107267
1,2,2B,4778,164198,0.029099
1,2,3B,449,164198,0.002735
1,2,HR,3149,164198,0.019178
1,2,GB_OUT,26304,164198,0.160197
1,2,AIR_OUT,28585,164198,0.174089
1,2,ROE,727,164198,0.004428
1,2,FC,462,164198,0.002814
1,2,OTHER,77,164198,0.000469
2,0,K,10047,69240,0.145104
2,0,BB,20437,69240,0.295162
2,0,HBP,439,69240,0.00634
2,0,1B,7668,69240,0.110745
2,0,2B,2591,69240,0.037421
2,0,3B,229,69240,0.003307
2,0,HR,2194,69240,0.031687
2,0,GB_OUT,10851,69240,0.156716
2,0,AIR_OUT,14242,69240,0.20569
2,0,ROE,311,69240,0.004492
2,0,FC,202,69240,0.002917
2,0,OTHER,29,69240,0.000419
2,1,K,25060,110299,0.227201
2,1,BB,21649,110299,0.196276
2,1,HBP,719,110299,0.006519
2,1,1B,12808,110299,0.116121
2,1,2B,4058,110299,0.036791
2,1,3B,359,110299,0.003255
2,1,HR,3153,110299,0.028586
2,1,GB_OUT,18668,110299,0.169249
2,1,AIR_OUT,22921,110299,0.207808
2,1,ROE,534,110299,0.004841
2,1,FC,316,110299,0.002865
2,1,OTHER,54,110299,0.00049
2,2,K,51177,133859,0.38232
2,2,BB,17133,133859,0.127993
2,2,HBP,854,133859,0.00638
2,2,1B,13434,133859,0.100359
2,2,2B,4013,133859,0.029979
2,2,3B,378,133859,0.002824
2,2,HR,2805,133859,0.020955
2,2,GB_OUT,20083,133859,0.150031
2,2,AIR_OUT,23021,133859,0.171979
2,2,ROE,561,133859,0.004191
2,2,FC,333,133859,0.002488
2,2,OTHER,67,133859,0.000501
3,0,K,1836,21281,0.086274
3,0,BB,13058,21281,0.613599
3,0,HBP,55,21281,0.002584
3,0,1B,1308,21281,0.061463
3,0,2B,450,21281,0.021146
3,0,3B,40,21281,0.00188
3,0,HR,389,21281,0.018279
3,0,GB_OUT,1677,21281,0.078803
3,0,AIR_OUT,2379,21281,0.11179
3,0,ROE,50,21281,0.00235
3,0,FC,33,21281,0.001551
3,0,OTHER,6,21281,0.000282
3,1,K,6367,45434,0.140137
3,1,BB,20269,45434,0.44612
3,1,HBP,153,45434,0.003368
3,1,1B,3745,45434,0.082427
3,1,2B,1283,45434,0.028239
3,1,3B,106,45434,0.002333
3,1,HR,1095,45434,0.024101
3,1,GB_OUT,5132,45434,0.112955
3,1,AIR_OUT,7041,45434,0.154972
3,1,ROE,149,45434,0.003279
3,1,FC,79,45434,0.001739
3,1,OTHER,15,45434,0.00033
3,2,K,21957,77543,0.283159
3,2,BB,24792,77543,0.319719
3,2,HBP,291,77543,0.003753
3,2,1B,6208,77543,0.080059
3,2,2B,1987,77543,0.025624
3,2,3B,182,77543,0.002347
3,2,HR,1600,77543,0.020634
3,2,GB_OUT,8896,77543,0.114723
3,2,AIR_OUT,11203,77543,0.144475
3,2,ROE,255,77543,0.003288
3,2,FC,140,77543,0.001805
3,2,OTHER,32,77543,0.000413
