base_code,base_label,outs,n_fc,n_gb,fc_share
0,___,0,0,28200,0.0
0,___,1,0,20835,0.0
0,___,2,0,16454,0.0
1,1__,0,214,6208,0.034472
1,1__,1,239,7558,0.031622
1,1__,2,44,7448,0.005908
2,_2_,0,117,2256,0.051862
2,_2_,1,150,3264,0.045956
2,_2_,2,31,4003,0.007744
4,__3,0,11,256,0.042969
4,__3,1,270,956,0.282427
4,__3,2,0,1621,0.0
3,12_,0,68,1534,0.044329
3,12_,1,118,2986,0.039518
3,12_,2,33,3340,0.00988
5,1_3,0,94,513,0.183236
5,1_3,1,169,1248,0.135417
5,1_3,2,3,1468,0.002044
6,_23,0,57,435,0.131034
6,_23,1,300,894,0.33557
6,_23,2,9,1132,0.007951
7,123,0,30,495,0.060606
7,123,1,48,1009,0.047572
7,123,2,15,1225,0.012245
