group_type,group,category,k,n,p
matchup,L_vs_L,K,10101,41603,0.242795
matchup,L_vs_L,BB,3298,41603,0.079273
matchup,L_vs_L,HBP,566,41603,0.013605
matchup,L_vs_L,1B,5943,41603,0.14285
matchup,L_vs_L,2B,1553,41603,0.037329
matchup,L_vs_L,3B,184,41603,0.004423
matchup,L_vs_L,HR,1034,41603,0.024854
matchup,L_vs_L,GB_OUT,9552,41603,0.229599
matchup,L_vs_L,AIR_OUT,8985,41603,0.21597
matchup,L_vs_L,ROE,218,41603,0.00524
matchup,L_vs_L,FC,148,41603,0.003557
matchup,L_vs_L,OTHER,21,41603,0.000505
matchup,L_vs_R,K,41968,189620,0.221327
matchup,L_vs_R,BB,17687,189620,0.093276
matchup,L_vs_R,HBP,1803,189620,0.009508
matchup,L_vs_R,1B,25839,189620,0.136267
matchup,L_vs_R,2B,8402,189620,0.04431
matchup,L_vs_R,3B,913,189620,0.004815
matchup,L_vs_R,HR,6318,189620,0.033319
matchup,L_vs_R,GB_OUT,38530,189620,0.203196
matchup,L_vs_R,AIR_OUT,46578,189620,0.245639
matchup,L_vs_R,ROE,882,189620,0.004651
matchup,L_vs_R,FC,578,189620,0.003048
matchup,L_vs_R,OTHER,122,189620,0.000643
matchup,R_vs_L,K,23279,104063,0.223701
matchup,R_vs_L,BB,8417,104063,0.080884
matchup,R_vs_L,HBP,945,104063,0.009081
matchup,R_vs_L,1B,15016,104063,0.144297
matchup,R_vs_L,2B,4915,104063,0.047231
matchup,R_vs_L,3B,324,104063,0.003113
matchup,R_vs_L,HR,3320,104063,0.031904
matchup,R_vs_L,GB_OUT,20837,104063,0.200234
matchup,R_vs_L,AIR_OUT,25888,104063,0.248772
matchup,R_vs_L,ROE,698,104063,0.006707
matchup,R_vs_L,FC,389,104063,0.003738
matchup,R_vs_L,OTHER,35,104063,0.000336
matchup,R_vs_R,K,48337,209092,0.231176
matchup,R_vs_R,BB,15186,209092,0.072628
matchup,R_vs_R,HBP,2746,209092,0.013133
matchup,R_vs_R,1B,30195,209092,0.14441
matchup,R_vs_R,2B,8873,209092,0.042436
matchup,R_vs_R,3B,616,209092,0.002946
matchup,R_vs_R,HR,6299,209092,0.030125
matchup,R_vs_R,GB_OUT,44399,209092,0.212342
matchup,R_vs_R,AIR_OUT,50065,209092,0.23944
matchup,R_vs_R,ROE,1365,209092,0.006528
matchup,R_vs_R,FC,905,209092,0.004328
matchup,R_vs_R,OTHER,106,209092,0.000507
platoon,opposite,K,65247,293683,0.222168
platoon,opposite,BB,26104,293683,0.088885
platoon,opposite,HBP,2748,293683,0.009357
platoon,opposite,1B,40855,293683,0.139113
platoon,opposite,2B,13317,293683,0.045345
platoon,opposite,3B,1237,293683,0.004212
platoon,opposite,HR,9638,293683,0.032818
platoon,opposite,GB_OUT,59367,293683,0.202147
platoon,opposite,AIR_OUT,72466,293683,0.246749
platoon,opposite,ROE,1580,293683,0.00538
platoon,opposite,FC,967,293683,0.003293
platoon,opposite,OTHER,157,293683,0.000535
platoon,same,K,58438,250695,0.233104
platoon,same,BB,18484,250695,0.073731
platoon,same,HBP,3312,250695,0.013211
platoon,same,1B,36138,250695,0.144151
platoon,same,2B,10426,250695,0.041588
platoon,same,3B,800,250695,0.003191
platoon,same,HR,7333,250695,0.029251
platoon,same,GB_OUT,53951,250695,0.215206
platoon,same,AIR_OUT,59050,250695,0.235545
platoon,same,ROE,1583,250695,0.006314
platoon,same,FC,1053,250695,0.0042
platoon,same,OTHER,127,250695,0.000507
