role,category,k,league_rate,k_pa
batter,K,171.685058,0.228654,42.915464
batter,BB,517.112545,0.082377,129.260667
batter,HBP,1069.483202,0.011204,267.33467
batter,1B,971.068702,0.142344,242.73437
batter,2B,6816.897124,0.043896,1703.993984
batter,3B,2184.167524,0.003766,545.968093
batter,HR,624.711675,0.031376,156.156814
batter,GB,393.037168,0.213236,98.246014
batter,AIR_OUT,485.32904,0.243147,121.315864
pitcher,K,278.139232,0.228654,69.525412
pitcher,BB,715.961263,0.082377,178.966128
pitcher,HBP,1746.943137,0.011204,436.676767
pitcher,1B,1526.657496,0.142344,381.612799
pitcher,2B,4389.525351,0.043896,1097.233046
pitcher,3B,14633.623412,0.003766,3657.911482
pitcher,HR,2746.454964,0.031376,686.520957
pitcher,GB,369.325614,0.213236,92.318926
pitcher,AIR_OUT,403.752074,0.243147,100.924378
