base_code,base_label,outs,n_if,n,if_share
0,___,0,2951,17063,0.172947
0,___,1,2066,12269,0.168392
0,___,2,1635,9551,0.171186
1,1__,0,529,4078,0.12972
1,1__,1,657,5009,0.131164
1,1__,2,748,4766,0.156945
2,_2_,0,202,1187,0.170177
2,_2_,1,342,1879,0.182012
2,_2_,2,399,2299,0.173554
4,__3,0,28,172,0.162791
4,__3,1,80,698,0.114613
4,__3,2,168,877,0.191562
3,12_,0,106,909,0.116612
3,12_,1,241,1630,0.147853
3,12_,2,380,1937,0.19618
5,1_3,0,47,409,0.114914
5,1_3,1,95,793,0.119798
5,1_3,2,144,962,0.149688
6,_23,0,44,261,0.168582
6,_23,1,92,650,0.141538
6,_23,2,117,607,0.192751
7,123,0,34,284,0.119718
7,123,1,83,564,0.147163
7,123,2,113,686,0.164723
