base_code,base_label,outs,n,category,share,raw_ratio,m,ratio
0,___,0,132568,K,0.226035,0.988547,652.852,0.988603
0,___,0,132568,BB,0.078081,0.947847,229.907,0.947937
0,___,0,132568,HBP,0.010402,0.928461,2481.065,0.929775
0,___,0,132568,1B,0.140939,0.990126,499.911,0.990163
0,___,0,132568,2B,0.044558,1.015087,3702.884,1.014677
0,___,0,132568,3B,0.004187,1.111665,41816.213,1.084888
0,___,0,132568,HR,0.033884,1.079951,4915.854,1.077093
0,___,0,132568,GB,0.212721,0.997582,3207.371,0.997639
0,___,0,132568,AIR_OUT,0.249193,1.024867,2774.897,1.024357
0,___,1,97053,K,0.238251,1.041974,652.852,1.041693
0,___,1,97053,BB,0.079287,0.962486,229.907,0.962574
0,___,1,97053,HBP,0.010015,0.893913,2481.065,0.896557
0,___,1,97053,1B,0.138326,0.971773,499.911,0.971917
0,___,1,97053,2B,0.042606,0.970603,3702.884,0.971683
0,___,1,97053,3B,0.003802,1.009571,41816.213,1.006689
0,___,1,97053,HR,0.031127,0.992076,4915.854,0.992458
0,___,1,97053,GB,0.214677,1.006752,3207.371,1.006536
0,___,1,97053,AIR_OUT,0.241909,0.994911,2774.897,0.995052
0,___,2,77924,K,0.24633,1.077305,652.852,1.076662
0,___,2,77924,BB,0.085198,1.034251,229.907,1.03415
0,___,2,77924,HBP,0.010074,0.899159,2481.065,0.90227
0,___,2,77924,1B,0.134246,0.943108,499.911,0.94347
0,___,2,77924,2B,0.041823,0.95277,3702.884,0.954913
0,___,2,77924,3B,0.002952,0.783747,41816.213,0.859268
0,___,2,77924,HR,0.029606,0.943582,4915.854,0.94693
0,___,2,77924,GB,0.211154,0.990235,3207.371,0.990621
0,___,2,77924,AIR_OUT,0.238617,0.981372,2774.897,0.982012
1,1__,0,28414,K,0.209756,0.917351,652.852,0.919207
1,1__,0,28414,BB,0.070141,0.85147,229.907,0.852663
1,1__,0,28414,HBP,0.013127,1.171694,2481.065,1.157906
1,1__,0,28414,1B,0.157317,1.105184,499.911,1.103365
1,1__,0,28414,2B,0.047547,1.083173,3702.884,1.073584
1,1__,0,28414,3B,0.003449,0.915827,41816.213,0.965945
1,1__,0,28414,HR,0.033047,1.053262,4915.854,1.045406
1,1__,0,28414,GB,0.218484,1.024607,3207.371,1.022111
1,1__,0,28414,AIR_OUT,0.247132,1.01639,2774.897,1.014932
1,1__,1,35204,K,0.211652,0.925644,652.852,0.926998
1,1__,1,35204,BB,0.074849,0.908622,229.907,0.909215
1,1__,1,35204,HBP,0.012243,1.092756,2481.065,1.086649
1,1__,1,35204,1B,0.15592,1.095369,499.911,1.094034
1,1__,1,35204,2B,0.04437,1.010797,3702.884,1.009769
1,1__,1,35204,3B,0.003778,1.003181,41816.213,1.001454
1,1__,1,35204,HR,0.032695,1.042045,4915.854,1.036893
1,1__,1,35204,GB,0.214692,1.006823,3207.371,1.006253
1,1__,1,35204,AIR_OUT,0.249801,1.027369,2774.897,1.025369
1,1__,2,34940,K,0.22158,0.969063,652.852,0.96963
1,1__,2,34940,BB,0.075615,0.917919,229.907,0.918456
1,1__,2,34940,HBP,0.010733,0.957958,2481.065,0.960745
1,1__,2,34940,1B,0.148512,1.043326,499.911,1.042715
1,1__,2,34940,2B,0.044591,1.015826,3702.884,1.01431
1,1__,2,34940,3B,0.003864,1.02596,41816.213,1.011817
1,1__,2,34940,HR,0.032169,1.02529,4915.854,1.02217
1,1__,2,34940,GB,0.213165,0.999666,3207.371,0.999694
1,1__,2,34940,AIR_OUT,0.249771,1.027245,2774.897,1.02524
2,_2_,0,10229,K,0.210773,0.921801,652.852,0.926493
2,_2_,0,10229,BB,0.10392,1.261522,229.907,1.255773
2,_2_,0,10229,HBP,0.014664,1.308868,2481.065,1.248576
2,_2_,0,10229,1B,0.147522,1.036371,499.911,1.034677
2,_2_,0,10229,2B,0.042722,0.973247,3702.884,0.980358
2,_2_,0,10229,3B,0.004106,1.090274,41816.213,1.017743
2,_2_,0,10229,HR,0.028155,0.897351,4915.854,0.93067
2,_2_,0,10229,GB,0.220549,1.034294,3207.371,1.026108
2,_2_,0,10229,AIR_OUT,0.227588,0.936013,2774.897,0.949667
2,_2_,1,15220,K,0.223325,0.976693,652.852,0.977652
2,_2_,1,15220,BB,0.10565,1.282525,229.907,1.278321
2,_2_,1,15220,HBP,0.013469,1.202201,2481.065,1.17386
2,_2_,1,15220,1B,0.13975,0.981775,499.911,0.982355
2,_2_,1,15220,2B,0.039488,0.89957,3702.884,0.919222
2,_2_,1,15220,3B,0.003811,1.011889,41816.213,1.003173
2,_2_,1,15220,HR,0.029238,0.931855,4915.854,0.948492
2,_2_,1,15220,GB,0.214455,1.005712,3207.371,1.004718
2,_2_,1,15220,AIR_OUT,0.230815,0.949282,2774.897,0.957103
2,_2_,2,19774,K,0.237281,1.037732,652.852,1.036526
2,_2_,2,19774,BB,0.114747,1.392947,229.907,1.388431
2,_2_,2,19774,HBP,0.011682,1.04269,2481.065,1.037931
2,_2_,2,19774,1B,0.130424,0.916255,499.911,0.918319
2,_2_,2,19774,2B,0.040912,0.932028,3702.884,0.942749
2,_2_,2,19774,3B,0.00354,0.93999,41816.213,0.980733
2,_2_,2,19774,HR,0.028826,0.918721,4915.854,0.934904
2,_2_,2,19774,GB,0.202438,0.949356,3207.371,0.956424
2,_2_,2,19774,AIR_OUT,0.230151,0.946552,2774.897,0.953129
4,__3,0,1252,K,0.194888,0.852329,652.852,0.90294
4,__3,0,1252,BB,0.11262,1.367129,229.907,1.310171
4,__3,0,1252,HBP,0.01278,1.140653,2481.065,1.047172
4,__3,0,1252,1B,0.158946,1.116627,499.911,1.083347
4,__3,0,1252,2B,0.050319,1.146334,3702.884,1.036976
4,__3,0,1252,3B,0.005591,1.484613,41816.213,1.014088
4,__3,0,1252,HR,0.025559,0.814608,4915.854,0.962368
4,__3,0,1252,GB,0.204473,0.958901,3207.371,0.988461
4,__3,0,1252,AIR_OUT,0.234824,0.965773,2774.897,0.989358
4,__3,1,4862,K,0.214521,0.93819,652.852,0.945507
4,__3,1,4862,BB,0.098313,1.193459,229.907,1.184724
4,__3,1,4862,HBP,0.011518,1.028042,2481.065,1.018567
4,__3,1,4862,1B,0.177088,1.244078,499.911,1.221321
4,__3,1,4862,2B,0.045866,1.044876,3702.884,1.025475
4,__3,1,4862,3B,0.002262,0.600755,41816.213,0.958415
4,__3,1,4862,HR,0.027561,0.878401,4915.854,0.939536
4,__3,1,4862,GB,0.196627,0.922106,3207.371,0.953067
4,__3,1,4862,AIR_OUT,0.226244,0.930486,2774.897,0.955744
4,__3,2,7724,K,0.238607,1.043529,652.852,1.040137
4,__3,2,7724,BB,0.110435,1.340607,229.907,1.330761
4,__3,2,7724,HBP,0.009581,0.855121,2481.065,0.890344
4,__3,2,7724,1B,0.127525,0.895887,499.911,0.902216
4,__3,2,7724,2B,0.040394,0.920211,3702.884,0.946066
4,__3,2,7724,3B,0.003107,0.825066,41816.213,0.972725
4,__3,2,7724,HR,0.024469,0.779871,4915.854,0.865483
4,__3,2,7724,GB,0.209865,0.98419,3207.371,0.988829
4,__3,2,7724,AIR_OUT,0.236018,0.970681,2774.897,0.97843
3,12_,0,7115,K,0.224174,0.980409,652.852,0.982056
3,12_,0,7115,BB,0.080534,0.97763,229.907,0.97833
3,12_,0,7115,HBP,0.013352,1.191754,2481.065,1.142176
3,12_,0,7115,1B,0.144062,1.012065,499.911,1.011273
3,12_,0,7115,2B,0.048208,1.098232,3702.884,1.064608
3,12_,0,7115,3B,0.003373,0.895686,41816.213,0.984832
3,12_,0,7115,HR,0.034153,1.088515,4915.854,1.052348
3,12_,0,7115,GB,0.215601,1.011087,3207.371,1.007642
3,12_,0,7115,AIR_OUT,0.236543,0.972839,2774.897,0.98046
3,12_,1,13108,K,0.218111,0.953892,652.852,0.95608
3,12_,1,13108,BB,0.073238,0.889057,229.907,0.890969
3,12_,1,13108,HBP,0.014571,1.300573,2481.065,1.252736
3,12_,1,13108,1B,0.141517,0.994184,499.911,0.994398
3,12_,1,13108,2B,0.046613,1.061891,3702.884,1.048258
3,12_,1,13108,3B,0.00328,0.871067,41816.213,0.969229
3,12_,1,13108,HR,0.030668,0.977446,4915.854,0.983597
3,12_,1,13108,GB,0.2278,1.068296,3207.371,1.05487
3,12_,1,13108,AIR_OUT,0.244202,1.004341,2774.897,1.003583
3,12_,2,15851,K,0.235632,1.030518,652.852,1.029311
3,12_,2,15851,BB,0.086745,1.05303,229.907,1.052272
3,12_,2,15851,HBP,0.013501,1.205022,2481.065,1.177274
3,12_,2,15851,1B,0.136017,0.955546,499.911,0.956905
3,12_,2,15851,2B,0.045549,1.037661,3702.884,1.030529
3,12_,2,15851,3B,0.00429,1.139126,41816.213,1.038242
3,12_,2,15851,HR,0.029399,0.936984,4915.854,0.951901
3,12_,2,15851,GB,0.210712,0.988162,3207.371,0.990154
3,12_,2,15851,AIR_OUT,0.238155,0.979473,2774.897,0.982531
5,1_3,0,2517,K,0.193484,0.846189,652.852,0.877867
5,1_3,0,2517,BB,0.062773,0.762024,229.907,0.781942
5,1_3,0,2517,HBP,0.013111,1.170223,2481.065,1.085723
5,1_3,0,2517,1B,0.187922,1.320192,499.911,1.267136
5,1_3,0,2517,2B,0.05443,1.239973,3702.884,1.09711
5,1_3,0,2517,3B,0.00437,1.160457,41816.213,1.00911
5,1_3,0,2517,HR,0.036551,1.164951,4915.854,1.055858
5,1_3,0,2517,GB,0.203814,0.955812,3207.371,0.98057
5,1_3,0,2517,AIR_OUT,0.243544,1.001634,2774.897,1.000777
5,1_3,1,5412,K,0.197894,0.865473,652.852,0.879954
5,1_3,1,5412,BB,0.071138,0.86357,229.907,0.86913
5,1_3,1,5412,HBP,0.013858,1.236919,2481.065,1.162447
5,1_3,1,5412,1B,0.165373,1.161782,499.911,1.148102
5,1_3,1,5412,2B,0.048041,1.094436,3702.884,1.056072
5,1_3,1,5412,3B,0.00425,1.128469,41816.213,1.014722
5,1_3,1,5412,HR,0.025868,0.824467,4915.854,0.908017
5,1_3,1,5412,GB,0.230599,1.081421,3207.371,1.051123
5,1_3,1,5412,AIR_OUT,0.242979,0.999309,2774.897,0.999543
5,1_3,2,7105,K,0.213371,0.933161,652.852,0.938786
5,1_3,2,7105,BB,0.083181,1.00976,229.907,1.009454
5,1_3,2,7105,HBP,0.011963,1.067807,2481.065,1.050257
5,1_3,2,7105,1B,0.149613,1.051062,499.911,1.047706
5,1_3,2,7105,2B,0.047009,1.070921,3702.884,1.046623
5,1_3,2,7105,3B,0.002393,0.635337,41816.213,0.947039
5,1_3,2,7105,HR,0.030964,0.986874,4915.854,0.992242
5,1_3,2,7105,GB,0.206615,0.968947,3207.371,0.978605
5,1_3,2,7105,AIR_OUT,0.254891,1.048302,2774.897,1.034736
6,_23,0,1964,K,0.207739,0.908532,652.852,0.931352
6,_23,0,1964,BB,0.096232,1.168194,229.907,1.150568
6,_23,0,1964,HBP,0.005601,0.499907,2481.065,0.77904
6,_23,0,1964,1B,0.149185,1.048058,499.911,1.038308
6,_23,0,1964,2B,0.049389,1.125137,3702.884,1.043369
6,_23,0,1964,3B,0.003564,0.946403,41816.213,0.997596
6,_23,0,1964,HR,0.031059,0.9899,4915.854,0.997117
6,_23,0,1964,GB,0.221487,1.03869,3207.371,1.014694
6,_23,0,1964,AIR_OUT,0.235743,0.969553,2774.897,0.987381
6,_23,1,4474,K,0.215244,0.941352,652.852,0.94882
6,_23,1,4474,BB,0.097452,1.183001,229.907,1.174057
6,_23,1,4474,HBP,0.012964,1.157097,2481.065,1.101056
6,_23,1,4474,1B,0.163388,1.147838,499.911,1.13298
6,_23,1,4474,2B,0.049397,1.125308,3702.884,1.068562
6,_23,1,4474,3B,0.004247,1.127657,41816.213,1.012338
6,_23,1,4474,HR,0.02481,0.790733,4915.854,0.90029
6,_23,1,4474,GB,0.199821,0.937086,3207.371,0.963356
6,_23,1,4474,AIR_OUT,0.232678,0.956944,2774.897,0.973426
6,_23,2,5626,K,0.253999,1.110847,652.852,1.099321
6,_23,2,5626,BB,0.11909,1.445672,229.907,1.428174
6,_23,2,5626,HBP,0.011731,1.047085,2481.065,1.032676
6,_23,2,5626,1B,0.125133,0.879088,499.911,0.888955
6,_23,2,5626,2B,0.038571,0.878689,3702.884,0.92684
6,_23,2,5626,3B,0.004621,1.227137,41816.213,1.026935
6,_23,2,5626,HR,0.029328,0.934732,4915.854,0.965168
6,_23,2,5626,GB,0.201209,0.943593,3207.371,0.964074
6,_23,2,5626,AIR_OUT,0.216317,0.889657,2774.897,0.926105
7,123,0,2145,K,0.209324,0.915463,652.852,0.935189
7,123,0,2145,BB,0.054545,0.662145,229.907,0.694852
7,123,0,2145,HBP,0.011189,0.99867,2481.065,0.999383
7,123,0,2145,1B,0.162704,1.14303,499.911,1.115996
7,123,0,2145,2B,0.049883,1.136401,3702.884,1.050032
7,123,0,2145,3B,0.004196,1.114127,41816.213,1.005569
7,123,0,2145,HR,0.026573,0.846936,4915.854,0.953501
7,123,0,2145,GB,0.230769,1.082221,3207.371,1.032951
7,123,0,2145,AIR_OUT,0.250816,1.031542,2774.897,1.013752
7,123,1,4610,K,0.224078,0.979989,652.852,0.982471
7,123,1,4610,BB,0.055531,0.674114,229.907,0.689595
7,123,1,4610,HBP,0.018438,1.64572,2481.065,1.419792
7,123,1,4610,1B,0.147072,1.033209,499.911,1.02996
7,123,1,4610,2B,0.050759,1.156352,3702.884,1.086706
7,123,1,4610,3B,0.00564,1.497587,41816.213,1.049409
7,123,1,4610,HR,0.029284,0.933332,4915.854,0.967736
7,123,1,4610,GB,0.218872,1.026428,3207.371,1.015585
7,123,1,4610,AIR_OUT,0.250325,1.029525,2774.897,1.018431
7,123,2,5801,K,0.227375,0.994406,652.852,0.994971
7,123,2,5801,BB,0.082744,1.004461,229.907,1.004291
7,123,2,5801,HBP,0.013101,1.169361,2481.065,1.118625
7,123,2,5801,1B,0.136701,0.96035,499.911,0.963496
7,123,2,5801,2B,0.041889,0.954286,3702.884,0.972097
7,123,2,5801,3B,0.005516,1.464761,41816.213,1.05662
7,123,2,5801,HR,0.032236,1.027405,4915.854,1.014834
7,123,2,5801,GB,0.21117,0.99031,3207.371,0.99376
7,123,2,5801,AIR_OUT,0.249267,1.025174,2774.897,1.017028
