base_pre,outs_pre,category,base_post,outs_post,runs,k,n,p,n_cell,source,seasons
1,0,1B_IF,3,0,0,50,66,0.757576,19,data,2016-2025 excl 2019
1,0,1B_IF,5,0,0,15,66,0.227273,19,data,2016-2025 excl 2019
1,0,1B_IF,6,0,0,1,66,0.015152,19,data,2016-2025 excl 2019
1,0,1B_OF,1,0,1,3,181,0.016575,181,data,2023-2025
1,0,1B_OF,1,1,0,1,181,0.005525,181,data,2023-2025
1,0,1B_OF,2,1,0,1,181,0.005525,181,data,2023-2025
1,0,1B_OF,3,0,0,31,181,0.171271,181,data,2023-2025
1,0,1B_OF,4,1,0,2,181,0.01105,181,data,2023-2025
1,0,1B_OF,5,0,0,139,181,0.767956,181,data,2023-2025
1,0,1B_OF,6,0,0,4,181,0.022099,181,data,2023-2025
1,0,2B,0,1,1,1,51,0.019608,51,data,2023-2025
1,0,2B,2,0,1,30,51,0.588235,51,data,2023-2025
1,0,2B,2,1,0,1,51,0.019608,51,data,2023-2025
1,0,2B,4,0,1,1,51,0.019608,51,data,2023-2025
1,0,2B,6,0,0,18,51,0.352941,51,data,2023-2025
1,0,3B,4,0,1,75,75,1.0,4,backoff,2016-2025 excl 2019
1,0,HR,0,0,2,81,81,1.0,23,data,2016-2025 excl 2019
1,0,GB_OUT,0,1,1,1,246,0.004065,246,data,2023-2025
1,0,GB_OUT,0,2,0,32,246,0.130081,246,data,2023-2025
1,0,GB_OUT,1,1,0,1,246,0.004065,246,data,2023-2025
1,0,GB_OUT,2,1,0,201,246,0.817073,246,data,2023-2025
1,0,GB_OUT,4,1,0,11,246,0.044715,246,data,2023-2025
1,0,AIR_OUT,0,2,0,49,265,0.184906,265,data,2023-2025
1,0,AIR_OUT,1,1,0,214,265,0.807547,265,data,2023-2025
1,0,AIR_OUT,2,1,0,2,265,0.007547,265,data,2023-2025
1,0,ROE,0,1,0,1,122,0.008197,10,backoff,2016-2025 excl 2019
1,0,ROE,1,0,1,1,122,0.008197,10,backoff,2016-2025 excl 2019
1,0,ROE,2,0,1,5,122,0.040984,10,backoff,2016-2025 excl 2019
1,0,ROE,3,0,0,60,122,0.491803,10,backoff,2016-2025 excl 2019
1,0,ROE,4,0,1,1,122,0.008197,10,backoff,2016-2025 excl 2019
1,0,ROE,5,0,0,42,122,0.344262,10,backoff,2016-2025 excl 2019
1,0,ROE,6,0,0,12,122,0.098361,10,backoff,2016-2025 excl 2019
1,0,FC,1,0,1,1,199,0.005025,1,fallback,2023-2025 (all PAs)
1,0,FC,1,1,0,2,199,0.01005,1,fallback,2023-2025 (all PAs)
1,0,FC,2,0,1,3,199,0.015075,1,fallback,2023-2025 (all PAs)
1,0,FC,3,0,0,140,199,0.703518,1,fallback,2023-2025 (all PAs)
1,0,FC,5,0,0,36,199,0.180905,1,fallback,2023-2025 (all PAs)
1,0,FC,6,0,0,17,199,0.085427,1,fallback,2023-2025 (all PAs)
1,0,OTHER,3,0,0,5,5,1.0,5,rule,rule
1,1,1B_IF,1,1,1,2,89,0.022472,28,data,2016-2025 excl 2019
1,1,1B_IF,1,2,0,3,89,0.033708,28,data,2016-2025 excl 2019
1,1,1B_IF,3,1,0,54,89,0.606742,28,data,2016-2025 excl 2019
1,1,1B_IF,5,1,0,28,89,0.314607,28,data,2016-2025 excl 2019
1,1,1B_IF,6,1,0,2,89,0.022472,28,data,2016-2025 excl 2019
1,1,1B_OF,0,2,1,1,248,0.004032,248,data,2023-2025
1,1,1B_OF,1,1,1,2,248,0.008065,248,data,2023-2025
1,1,1B_OF,1,2,0,1,248,0.004032,248,data,2023-2025
1,1,1B_OF,2,1,1,5,248,0.020161,248,data,2023-2025
1,1,1B_OF,3,1,0,37,248,0.149194,248,data,2023-2025
1,1,1B_OF,4,2,0,2,248,0.008065,248,data,2023-2025
1,1,1B_OF,5,1,0,196,248,0.790323,248,data,2023-2025
1,1,1B_OF,6,1,0,4,248,0.016129,248,data,2023-2025
1,1,2B,2,1,1,34,59,0.576271,59,data,2023-2025
1,1,2B,2,2,0,1,59,0.016949,59,data,2023-2025
1,1,2B,4,1,1,2,59,0.033898,59,data,2023-2025
1,1,2B,6,1,0,22,59,0.372881,59,data,2023-2025
1,1,3B,4,1,1,75,75,1.0,10,backoff,2016-2025 excl 2019
1,1,HR,0,1,2,49,49,1.0,49,data,2023-2025
1,1,GB_OUT,0,3,0,16,321,0.049844,321,data,2023-2025
1,1,GB_OUT,1,2,0,8,321,0.024922,321,data,2023-2025
1,1,GB_OUT,2,2,0,289,321,0.900312,321,data,2023-2025
1,1,GB_OUT,4,2,0,8,321,0.024922,321,data,2023-2025
1,1,AIR_OUT,0,3,0,64,343,0.186589,343,data,2023-2025
1,1,AIR_OUT,1,2,0,278,343,0.810496,343,data,2023-2025
1,1,AIR_OUT,2,2,0,1,343,0.002915,343,data,2023-2025
1,1,ROE,3,1,0,19,36,0.527778,10,data,2016-2025 excl 2019
1,1,ROE,5,1,0,13,36,0.361111,10,data,2016-2025 excl 2019
1,1,ROE,6,1,0,4,36,0.111111,10,data,2016-2025 excl 2019
1,1,FC,1,2,0,1,211,0.004739,5,fallback,2023-2025 (all PAs)
1,1,FC,2,2,0,2,211,0.009479,5,fallback,2023-2025 (all PAs)
1,1,FC,3,1,0,144,211,0.682464,5,fallback,2023-2025 (all PAs)
1,1,FC,4,1,1,2,211,0.009479,5,fallback,2023-2025 (all PAs)
1,1,FC,5,1,0,45,211,0.21327,5,fallback,2023-2025 (all PAs)
1,1,FC,6,1,0,17,211,0.080569,5,fallback,2023-2025 (all PAs)
1,1,OTHER,3,1,0,6,6,1.0,6,rule,rule
1,2,1B_IF,0,3,0,5,73,0.068493,73,data,2023-2025
1,2,1B_IF,1,2,1,4,73,0.054795,73,data,2023-2025
1,2,1B_IF,2,2,1,2,73,0.027397,73,data,2023-2025
1,2,1B_IF,3,2,0,37,73,0.506849,73,data,2023-2025
1,2,1B_IF,5,2,0,24,73,0.328767,73,data,2023-2025
1,2,1B_IF,6,2,0,1,73,0.013699,73,data,2023-2025
1,2,1B_OF,0,2,2,1,387,0.002584,387,data,2023-2025
1,2,1B_OF,0,3,0,8,387,0.020672,387,data,2023-2025
1,2,1B_OF,1,2,1,14,387,0.036176,387,data,2023-2025
1,2,1B_OF,2,2,1,4,387,0.010336,387,data,2023-2025
1,2,1B_OF,3,2,0,65,387,0.167959,387,data,2023-2025
1,2,1B_OF,4,2,1,1,387,0.002584,387,data,2023-2025
1,2,1B_OF,5,2,0,288,387,0.744186,387,data,2023-2025
1,2,1B_OF,6,2,0,6,387,0.015504,387,data,2023-2025
1,2,2B,0,3,0,4,122,0.032787,122,data,2023-2025
1,2,2B,2,2,1,90,122,0.737705,122,data,2023-2025
1,2,2B,4,2,1,4,122,0.032787,122,data,2023-2025
1,2,2B,6,2,0,24,122,0.196721,122,data,2023-2025
1,2,3B,4,2,1,32,32,1.0,13,data,2016-2025 excl 2019
1,2,HR,0,2,2,122,122,1.0,122,data,2023-2025
1,2,GB_OUT,0,3,0,691,691,1.0,691,data,2023-2025
1,2,AIR_OUT,0,3,0,847,847,1.0,847,data,2023-2025
1,2,ROE,0,3,0,1,62,0.016129,21,data,2016-2025 excl 2019
1,2,ROE,1,2,1,1,62,0.016129,21,data,2016-2025 excl 2019
1,2,ROE,2,2,1,5,62,0.080645,21,data,2016-2025 excl 2019
1,2,ROE,3,2,0,29,62,0.467742,21,data,2016-2025 excl 2019
1,2,ROE,4,2,1,1,62,0.016129,21,data,2016-2025 excl 2019
1,2,ROE,5,2,0,20,62,0.322581,21,data,2016-2025 excl 2019
1,2,ROE,6,2,0,5,62,0.080645,21,data,2016-2025 excl 2019
1,2,FC,0,3,0,5,40,0.125,1,fallback,2023-2025 (all PAs)
1,2,FC,3,2,0,31,40,0.775,1,fallback,2023-2025 (all PAs)
1,2,FC,5,2,0,3,40,0.075,1,fallback,2023-2025 (all PAs)
1,2,FC,6,2,0,1,40,0.025,1,fallback,2023-2025 (all PAs)
1,2,OTHER,3,2,0,5,5,1.0,5,rule,rule
