balls,strikes,category,n,share,seasons,states
0,0,1B_IF,337,0.024996,2023-2025,1__ or 1_3
0,0,1B_OF,2590,0.192108,2023-2025,1__ or 1_3
0,0,2B,983,0.072912,2023-2025,1__ or 1_3
0,0,3B,68,0.005044,2023-2025,1__ or 1_3
0,0,HR,698,0.051773,2023-2025,1__ or 1_3
0,0,GB_OUT,3728,0.276517,2023-2025,1__ or 1_3
0,0,FC,139,0.01031,2023-2025,1__ or 1_3
0,0,ROE,66,0.004895,2023-2025,1__ or 1_3
0,0,AIR_OUT,4873,0.361445,2023-2025,1__ or 1_3
0,1,1B_IF,288,0.028806,2023-2025,1__ or 1_3
0,1,1B_OF,1949,0.194939,2023-2025,1__ or 1_3
0,1,2B,609,0.060912,2023-2025,1__ or 1_3
0,1,3B,51,0.005101,2023-2025,1__ or 1_3
0,1,HR,370,0.037007,2023-2025,1__ or 1_3
0,1,GB_OUT,3126,0.312663,2023-2025,1__ or 1_3
0,1,FC,91,0.009102,2023-2025,1__ or 1_3
0,1,ROE,54,0.005401,2023-2025,1__ or 1_3
0,1,AIR_OUT,3460,0.346069,2023-2025,1__ or 1_3
0,2,1B_IF,216,0.040134,2023-2025,1__ or 1_3
0,2,1B_OF,1033,0.191936,2023-2025,1__ or 1_3
0,2,2B,340,0.063174,2023-2025,1__ or 1_3
0,2,3B,37,0.006875,2023-2025,1__ or 1_3
0,2,HR,159,0.029543,2023-2025,1__ or 1_3
0,2,GB_OUT,1707,0.317168,2023-2025,1__ or 1_3
0,2,FC,55,0.010219,2023-2025,1__ or 1_3
0,2,ROE,24,0.004459,2023-2025,1__ or 1_3
0,2,AIR_OUT,1811,0.336492,2023-2025,1__ or 1_3
1,0,1B_IF,176,0.026101,2023-2025,1__ or 1_3
1,0,1B_OF,1270,0.188343,2023-2025,1__ or 1_3
1,0,2B,473,0.070147,2023-2025,1__ or 1_3
1,0,3B,38,0.005635,2023-2025,1__ or 1_3
1,0,HR,401,0.059469,2023-2025,1__ or 1_3
1,0,GB_OUT,1956,0.290079,2023-2025,1__ or 1_3
1,0,FC,47,0.00697,2023-2025,1__ or 1_3
1,0,ROE,25,0.003708,2023-2025,1__ or 1_3
1,0,AIR_OUT,2357,0.349548,2023-2025,1__ or 1_3
1,1,1B_IF,234,0.02874,2023-2025,1__ or 1_3
1,1,1B_OF,1523,0.187055,2023-2025,1__ or 1_3
1,1,2B,544,0.066814,2023-2025,1__ or 1_3
1,1,3B,35,0.004299,2023-2025,1__ or 1_3
1,1,HR,375,0.046057,2023-2025,1__ or 1_3
1,1,GB_OUT,2479,0.304471,2023-2025,1__ or 1_3
1,1,FC,70,0.008597,2023-2025,1__ or 1_3
1,1,ROE,50,0.006141,2023-2025,1__ or 1_3
1,1,AIR_OUT,2832,0.347826,2023-2025,1__ or 1_3
1,2,1B_IF,314,0.038405,2023-2025,1__ or 1_3
1,2,1B_OF,1594,0.194961,2023-2025,1__ or 1_3
1,2,2B,440,0.053816,2023-2025,1__ or 1_3
1,2,3B,40,0.004892,2023-2025,1__ or 1_3
1,2,HR,288,0.035225,2023-2025,1__ or 1_3
1,2,GB_OUT,2564,0.313601,2023-2025,1__ or 1_3
1,2,FC,91,0.01113,2023-2025,1__ or 1_3
1,2,ROE,42,0.005137,2023-2025,1__ or 1_3
1,2,AIR_OUT,2803,0.342833,2023-2025,1__ or 1_3
2,0,1B_IF,63,0.028327,2023-2025,1__ or 1_3
2,0,1B_OF,370,0.166367,2023-2025,1__ or 1_3
2,0,2B,177,0.079586,2023-2025,1__ or 1_3
2,0,3B,12,0.005396,2023-2025,1__ or 1_3
2,0,HR,140,0.06295,2023-2025,1__ or 1_3
2,0,GB_OUT,569,0.255845,2023-2025,1__ or 1_3
2,0,FC,16,0.007194,2023-2025,1__ or 1_3
2,0,ROE,5,0.002248,2023-2025,1__ or 1_3
2,0,AIR_OUT,872,0.392086,2023-2025,1__ or 1_3
2,1,1B_IF,138,0.031335,2023-2025,1__ or 1_3
2,1,1B_OF,817,0.185513,2023-2025,1__ or 1_3
2,1,2B,287,0.065168,2023-2025,1__ or 1_3
2,1,3B,17,0.00386,2023-2025,1__ or 1_3
2,1,HR,221,0.050182,2023-2025,1__ or 1_3
2,1,GB_OUT,1247,0.283152,2023-2025,1__ or 1_3
2,1,FC,44,0.009991,2023-2025,1__ or 1_3
2,1,ROE,17,0.00386,2023-2025,1__ or 1_3
2,1,AIR_OUT,1616,0.366939,2023-2025,1__ or 1_3
2,2,1B_IF,274,0.037254,2023-2025,1__ or 1_3
2,2,1B_OF,1370,0.186268,2023-2025,1__ or 1_3
2,2,2B,460,0.062542,2023-2025,1__ or 1_3
2,2,3B,45,0.006118,2023-2025,1__ or 1_3
2,2,HR,313,0.042556,2023-2025,1__ or 1_3
2,2,GB_OUT,2220,0.301835,2023-2025,1__ or 1_3
2,2,FC,80,0.010877,2023-2025,1__ or 1_3
2,2,ROE,33,0.004487,2023-2025,1__ or 1_3
2,2,AIR_OUT,2560,0.348063,2023-2025,1__ or 1_3
3,0,1B_IF,5,0.023041,2023-2025,1__ or 1_3
3,0,1B_OF,35,0.16129,2023-2025,1__ or 1_3
3,0,2B,15,0.069124,2023-2025,1__ or 1_3
3,0,3B,1,0.004608,2023-2025,1__ or 1_3
3,0,HR,19,0.087558,2023-2025,1__ or 1_3
3,0,GB_OUT,50,0.230415,2023-2025,1__ or 1_3
3,0,FC,0,0.0,2023-2025,1__ or 1_3
3,0,ROE,2,0.009217,2023-2025,1__ or 1_3
3,0,AIR_OUT,90,0.414747,2023-2025,1__ or 1_3
3,1,1B_IF,38,0.020994,2023-2025,1__ or 1_3
3,1,1B_OF,323,0.178453,2023-2025,1__ or 1_3
3,1,2B,112,0.061878,2023-2025,1__ or 1_3
3,1,3B,7,0.003867,2023-2025,1__ or 1_3
3,1,HR,135,0.074586,2023-2025,1__ or 1_3
3,1,GB_OUT,473,0.261326,2023-2025,1__ or 1_3
3,1,FC,15,0.008287,2023-2025,1__ or 1_3
3,1,ROE,7,0.003867,2023-2025,1__ or 1_3
3,1,AIR_OUT,700,0.38674,2023-2025,1__ or 1_3
3,2,1B_IF,137,0.02721,2023-2025,1__ or 1_3
3,2,1B_OF,923,0.183317,2023-2025,1__ or 1_3
3,2,2B,325,0.064548,2023-2025,1__ or 1_3
3,2,3B,27,0.005362,2023-2025,1__ or 1_3
3,2,HR,273,0.05422,2023-2025,1__ or 1_3
3,2,GB_OUT,1423,0.282622,2023-2025,1__ or 1_3
3,2,FC,33,0.006554,2023-2025,1__ or 1_3
3,2,ROE,36,0.00715,2023-2025,1__ or 1_3
3,2,AIR_OUT,1858,0.369017,2023-2025,1__ or 1_3
