balls,strikes,result,n,share,seasons
0,0,ball,1410,0.453814,2023-2025
0,0,strike,1179,0.379466,2023-2025
0,0,foul,293,0.094303,2023-2025
0,0,hit_by_pitch,1,0.000322,2023-2025
0,0,in_play,224,0.072095,2023-2025
0,1,ball,825,0.476053,2023-2025
0,1,strike,375,0.216388,2023-2025
0,1,foul,304,0.175418,2023-2025
0,1,hit_by_pitch,1,0.000577,2023-2025
0,1,in_play,228,0.131564,2023-2025
0,2,ball,510,0.446976,2023-2025
0,2,strike_three,192,0.168273,2023-2025
0,2,foul,219,0.191937,2023-2025
0,2,hit_by_pitch,1,0.000876,2023-2025
0,2,in_play,219,0.191937,2023-2025
1,0,ball,597,0.428571,2023-2025
1,0,strike,501,0.359655,2023-2025
1,0,foul,146,0.10481,2023-2025
1,0,hit_by_pitch,0,0.0,2023-2025
1,0,in_play,149,0.106963,2023-2025
1,1,ball,581,0.398765,2023-2025
1,1,strike,364,0.249828,2023-2025
1,1,foul,260,0.178449,2023-2025
1,1,hit_by_pitch,0,0.0,2023-2025
1,1,in_play,252,0.172958,2023-2025
1,2,ball,712,0.383208,2023-2025
1,2,strike_three,359,0.193219,2023-2025
1,2,foul,413,0.222282,2023-2025
1,2,hit_by_pitch,0,0.0,2023-2025
1,2,in_play,374,0.201292,2023-2025
2,0,ball,148,0.44713,2023-2025
2,0,strike,127,0.383686,2023-2025
2,0,foul,29,0.087613,2023-2025
2,0,hit_by_pitch,1,0.003021,2023-2025
2,0,in_play,26,0.07855,2023-2025
2,1,ball,248,0.356322,2023-2025
2,1,strike,168,0.241379,2023-2025
2,1,foul,134,0.192529,2023-2025
2,1,hit_by_pitch,0,0.0,2023-2025
2,1,in_play,146,0.20977,2023-2025
2,2,ball,434,0.337218,2023-2025
2,2,strike_three,250,0.19425,2023-2025
2,2,foul,321,0.249417,2023-2025
2,2,hit_by_pitch,1,0.000777,2023-2025
2,2,in_play,281,0.218337,2023-2025
3,0,ball_four,58,0.381579,2016-2025 excl 2019
3,0,strike,79,0.519737,2016-2025 excl 2019
3,0,foul,8,0.052632,2016-2025 excl 2019
3,0,hit_by_pitch,0,0.0,2016-2025 excl 2019
3,0,in_play,7,0.046053,2016-2025 excl 2019
3,1,ball_four,106,0.348684,2023-2025
3,1,strike,92,0.302632,2023-2025
3,1,foul,48,0.157895,2023-2025
3,1,hit_by_pitch,0,0.0,2023-2025
3,1,in_play,58,0.190789,2023-2025
3,2,ball_four,649,0.235743,2023-2025
3,2,strike_three,498,0.180894,2023-2025
3,2,foul,803,0.291682,2023-2025
3,2,hit_by_pitch,1,0.000363,2023-2025
3,2,in_play,802,0.291319,2023-2025
