runner_result,outs,first,second,out,n,seasons
scored,0,0.889085,0.080986,0.029930,568,2023-2025
scored,1,0.834615,0.125962,0.039423,1040,2023-2025
scored,2,0.847237,0.108446,0.044317,1918,2023-2025
out at home,0,0.461538,0.538462,0.000000,13,2023-2025
out at home,1,0.464286,0.500000,0.035714,28,2023-2025
out at home,2,0.987013,0.012987,0.000000,77,2023-2025
held at third,0,0.973966,0.021440,0.004594,653,2023-2025
held at third,1,0.966616,0.025797,0.007587,659,2023-2025
held at third,2,0.958333,0.041667,0.000000,120,2023-2025
