half,base_code,outs,r,p,n
0,0,0,0,0.734012,61078
0,0,0,1,0.142654,61078
0,0,0,2,0.068355,61078
0,0,0,3,0.031484,61078
0,0,0,4,0.012934,61078
0,0,0,5,0.005763,61078
0,0,0,6,0.002816,61078
0,0,0,7,0.001097,61078
0,0,0,8,0.000442,61078
0,0,0,9,0.000196,61078
0,0,0,10,0.000246,61078
0,0,1,0,0.843289,45000
0,0,1,1,0.094311,45000
0,0,1,2,0.038022,45000
0,0,1,3,0.015844,45000
0,0,1,4,0.005178,45000
0,0,1,5,0.002111,45000
0,0,1,6,0.000911,45000
0,0,1,7,0.000222,45000
0,0,1,8,6.7e-05,45000
0,0,1,9,2.2e-05,45000
0,0,1,10,2.2e-05,45000
0,0,2,0,0.931667,36205
0,0,2,1,0.047065,36205
0,0,2,2,0.014722,36205
0,0,2,3,0.004723,36205
0,0,2,4,0.001381,36205
0,0,2,5,0.000304,36205
0,0,2,6,8.3e-05,36205
0,0,2,7,5.5e-05,36205
0,0,2,8,0.0,36205
0,0,2,9,0.0,36205
0,0,2,10,0.0,36205
0,1,0,0,0.589774,14258
0,1,0,1,0.158998,14258
0,1,0,2,0.131225,14258
0,1,0,3,0.064806,14258
0,1,0,4,0.029527,14258
0,1,0,5,0.014378,14258
0,1,0,6,0.006242,14258
0,1,0,7,0.002735,14258
0,1,0,8,0.001052,14258
0,1,0,9,0.000561,14258
0,1,0,10,0.000701,14258
0,1,1,0,0.738338,17771
0,1,1,1,0.107591,17771
0,1,1,2,0.092567,17771
0,1,1,3,0.039052,17771
0,1,1,4,0.013843,17771
0,1,1,5,0.005346,17771
0,1,1,6,0.002195,17771
0,1,1,7,0.000675,17771
0,1,1,8,0.000169,17771
0,1,1,9,0.000113,17771
0,1,1,10,0.000113,17771
0,1,2,0,0.875993,18249
0,1,2,1,0.055181,18249
0,1,2,2,0.047455,18249
0,1,2,3,0.015069,18249
0,1,2,4,0.004165,18249
0,1,2,5,0.00137,18249
0,1,2,6,0.000548,18249
0,1,2,7,0.000219,18249
0,1,2,8,0.0,18249
0,1,2,9,0.0,18249
0,1,2,10,0.0,18249
0,2,0,0,0.389859,4181
0,2,0,1,0.327434,4181
0,2,0,2,0.146137,4181
0,2,0,3,0.070557,4181
0,2,0,4,0.035877,4181
0,2,0,5,0.013633,4181
0,2,0,6,0.010045,4181
0,2,0,7,0.005023,4181
0,2,0,8,0.000957,4181
0,2,0,9,0.000478,4181
0,2,0,10,0.0,4181
0,2,1,0,0.600883,7018
0,2,1,1,0.236107,7018
0,2,1,2,0.094044,7018
0,2,1,3,0.041037,7018
0,2,1,4,0.018239,7018
0,2,1,5,0.0057,7018
0,2,1,6,0.002992,7018
0,2,1,7,0.00057,7018
0,2,1,8,0.000427,7018
0,2,1,9,0.0,7018
0,2,1,10,0.0,7018
0,2,2,0,0.789108,9071
0,2,2,1,0.14133,9071
0,2,2,2,0.047073,9071
0,2,2,3,0.015654,9071
0,2,2,4,0.00474,9071
0,2,2,5,0.001654,9071
0,2,2,6,0.000331,9071
0,2,2,7,0.00011,9071
0,2,2,8,0.0,9071
0,2,2,9,0.0,9071
0,2,2,10,0.0,9071
0,3,0,0,0.386732,3452
0,3,0,1,0.209733,3452
0,3,0,2,0.154114,3452
0,3,0,3,0.126014,3452
0,3,0,4,0.059386,3452
0,3,0,5,0.033024,3452
0,3,0,6,0.016512,3452
0,3,0,7,0.007532,3452
0,3,0,8,0.003766,3452
0,3,0,9,0.001738,3452
0,3,0,10,0.001448,3452
0,3,1,0,0.5866,6045
0,3,1,1,0.15914,6045
0,3,1,2,0.104053,6045
0,3,1,3,0.091646,6045
0,3,1,4,0.034078,6045
0,3,1,5,0.013896,6045
0,3,1,6,0.006617,6045
0,3,1,7,0.002647,6045
0,3,1,8,0.000662,6045
0,3,1,9,0.000331,6045
0,3,1,10,0.000331,6045
0,3,2,0,0.769765,7349
0,3,2,1,0.10845,7349
0,3,2,2,0.053749,7349
0,3,2,3,0.047626,7349
0,3,2,4,0.014424,7349
0,3,2,5,0.003674,7349
0,3,2,6,0.001361,7349
0,3,2,7,0.000544,7349
0,3,2,8,0.000136,7349
0,3,2,9,0.000136,7349
0,3,2,10,0.000136,7349
0,4,0,0,0.16171,538
0,4,0,1,0.526022,538
0,4,0,2,0.159851,538
0,4,0,3,0.085502,538
0,4,0,4,0.033457,538
0,4,0,5,0.026022,538
0,4,0,6,0.007435,538
0,4,0,7,0.0,538
0,4,0,8,0.0,538
0,4,0,9,0.0,538
0,4,0,10,0.0,538
0,4,1,0,0.351761,2044
0,4,1,1,0.471624,2044
0,4,1,2,0.094912,2044
0,4,1,3,0.049902,2044
0,4,1,4,0.020059,2044
0,4,1,5,0.004892,2044
0,4,1,6,0.003425,2044
0,4,1,7,0.002446,2044
0,4,1,8,0.000978,2044
0,4,1,9,0.0,2044
0,4,1,10,0.0,2044
0,4,2,0,0.755149,3447
0,4,2,1,0.179286,3447
0,4,2,2,0.042356,3447
0,4,2,3,0.015666,3447
0,4,2,4,0.005512,3447
0,4,2,5,0.00116,3447
0,4,2,6,0.00058,3447
0,4,2,7,0.00029,3447
0,4,2,8,0.0,3447
0,4,2,9,0.0,3447
0,4,2,10,0.0,3447
0,5,0,0,0.128609,1143
0,5,0,1,0.398075,1143
0,5,0,2,0.179353,1143
0,5,0,3,0.141732,1143
0,5,0,4,0.076115,1143
0,5,0,5,0.044619,1143
0,5,0,6,0.017498,1143
0,5,0,7,0.007874,1143
0,5,0,8,0.00175,1143
0,5,0,9,0.0035,1143
0,5,0,10,0.000875,1143
0,5,1,0,0.346512,2681
0,5,1,1,0.3674,2681
0,5,1,2,0.119731,2681
0,5,1,3,0.089519,2681
0,5,1,4,0.046997,2681
0,5,1,5,0.01865,2681
0,5,1,6,0.006714,2681
0,5,1,7,0.002984,2681
0,5,1,8,0.001119,2681
0,5,1,9,0.000373,2681
0,5,1,10,0.0,2681
0,5,2,0,0.736428,3813
0,5,2,1,0.1369,3813
0,5,2,2,0.055862,3813
0,5,2,3,0.047469,3813
0,5,2,4,0.012851,3813
0,5,2,5,0.006294,3813
0,5,2,6,0.002623,3813
0,5,2,7,0.001311,3813
0,5,2,8,0.0,3813
0,5,2,9,0.000262,3813
0,5,2,10,0.0,3813
0,6,0,0,0.167849,846
0,6,0,1,0.251773,846
0,6,0,2,0.293144,846
0,6,0,3,0.140662,846
0,6,0,4,0.085106,846
0,6,0,5,0.041371,846
0,6,0,6,0.013002,846
0,6,0,7,0.002364,846
0,6,0,8,0.002364,846
0,6,0,9,0.001182,846
0,6,0,10,0.001182,846
0,6,1,0,0.316536,2044
0,6,1,1,0.280333,2044
0,6,1,2,0.241683,2044
0,6,1,3,0.092466,2044
0,6,1,4,0.039628,2044
0,6,1,5,0.01908,2044
0,6,1,6,0.006849,2044
0,6,1,7,0.002446,2044
0,6,1,8,0.000978,2044
0,6,1,9,0.0,2044
0,6,1,10,0.0,2044
0,6,2,0,0.752809,2581
0,6,2,1,0.046881,2581
0,6,2,2,0.126308,2581
0,6,2,3,0.051143,2581
0,6,2,4,0.013561,2581
0,6,2,5,0.006587,2581
0,6,2,6,0.002325,2581
0,6,2,7,0.000387,2581
0,6,2,8,0.0,2581
0,6,2,9,0.0,2581
0,6,2,10,0.0,2581
0,7,0,0,0.142222,900
0,7,0,1,0.255556,900
0,7,0,2,0.198889,900
0,7,0,3,0.148889,900
0,7,0,4,0.106667,900
0,7,0,5,0.066667,900
0,7,0,6,0.04,900
0,7,0,7,0.021111,900
0,7,0,8,0.012222,900
0,7,0,9,0.005556,900
0,7,0,10,0.002222,900
0,7,1,0,0.328689,1938
0,7,1,1,0.275026,1938
0,7,1,2,0.142415,1938
0,7,1,3,0.093911,1938
0,7,1,4,0.087719,1938
0,7,1,5,0.044892,1938
0,7,1,6,0.019608,1938
0,7,1,7,0.005676,1938
0,7,1,8,0.001548,1938
0,7,1,9,0.000516,1938
0,7,1,10,0.0,1938
0,7,2,0,0.667869,2496
0,7,2,1,0.094952,2496
0,7,2,2,0.114984,2496
0,7,2,3,0.052083,2496
0,7,2,4,0.048077,2496
0,7,2,5,0.014022,2496
0,7,2,6,0.005609,2496
0,7,2,7,0.001202,2496
0,7,2,8,0.000801,2496
0,7,2,9,0.000401,2496
0,7,2,10,0.0,2496
1,0,0,0,0.719255,61230
1,0,0,1,0.147428,61230
1,0,0,2,0.072399,61230
1,0,0,3,0.033431,61230
1,0,0,4,0.015809,61230
1,0,0,5,0.006827,61230
1,0,0,6,0.002842,61230
1,0,0,7,0.001192,61230
1,0,0,8,0.000457,61230
1,0,0,9,0.000278,61230
1,0,0,10,8.2e-05,61230
1,0,1,0,0.832245,44404
1,0,1,1,0.098392,44404
1,0,1,2,0.041415,44404
1,0,1,3,0.016778,44404
1,0,1,4,0.006734,44404
1,0,1,5,0.002612,44404
1,0,1,6,0.001171,44404
1,0,1,7,0.000563,44404
1,0,1,8,9e-05,44404
1,0,1,9,0.0,44404
1,0,1,10,0.0,44404
1,0,2,0,0.927081,35519
1,0,2,1,0.049692,35519
1,0,2,2,0.015625,35519
1,0,2,3,0.005096,35519
1,0,2,4,0.001577,35519
1,0,2,5,0.000507,35519
1,0,2,6,0.000253,35519
1,0,2,7,0.000113,35519
1,0,2,8,5.6e-05,35519
1,0,2,9,0.0,35519
1,0,2,10,0.0,35519
1,1,0,0,0.577372,14902
1,1,0,1,0.162461,14902
1,1,0,2,0.133069,14902
1,1,0,3,0.065159,14902
1,1,0,4,0.034828,14902
1,1,0,5,0.016038,14902
1,1,0,6,0.006241,14902
1,1,0,7,0.002416,14902
1,1,0,8,0.001342,14902
1,1,0,9,0.000805,14902
1,1,0,10,0.000268,14902
1,1,1,0,0.723939,18159
1,1,1,1,0.113442,18159
1,1,1,2,0.094664,18159
1,1,1,3,0.039485,18159
1,1,1,4,0.017842,18159
1,1,1,5,0.006168,18159
1,1,1,6,0.002753,18159
1,1,1,7,0.001377,18159
1,1,1,8,0.00033,18159
1,1,1,9,0.0,18159
1,1,1,10,0.0,18159
1,1,2,0,0.866828,18540
1,1,2,1,0.059817,18540
1,1,2,2,0.049353,18540
1,1,2,3,0.01575,18540
1,1,2,4,0.005717,18540
1,1,2,5,0.001564,18540
1,1,2,6,0.000647,18540
1,1,2,7,0.000216,18540
1,1,2,8,0.000108,18540
1,1,2,9,0.0,18540
1,1,2,10,0.0,18540
1,2,0,0,0.386652,4420
1,2,0,1,0.320588,4420
1,2,0,2,0.150226,4420
1,2,0,3,0.079412,4420
1,2,0,4,0.033032,4420
1,2,0,5,0.018326,4420
1,2,0,6,0.005656,4420
1,2,0,7,0.00362,4420
1,2,0,8,0.001584,4420
1,2,0,9,0.000679,4420
1,2,0,10,0.000226,4420
1,2,1,0,0.589557,7297
1,2,1,1,0.236261,7297
1,2,1,2,0.099904,7297
1,2,1,3,0.04262,7297
1,2,1,4,0.017953,7297
1,2,1,5,0.008908,7297
1,2,1,6,0.003152,7297
1,2,1,7,0.001233,7297
1,2,1,8,0.000274,7297
1,2,1,9,0.000137,7297
1,2,1,10,0.0,7297
1,2,2,0,0.773032,9552
1,2,2,1,0.149497,9552
1,2,2,2,0.050775,9552
1,2,2,3,0.017797,9552
1,2,2,4,0.006177,9552
1,2,2,5,0.001884,9552
1,2,2,6,0.000628,9552
1,2,2,7,0.000209,9552
1,2,2,8,0.0,9552
1,2,2,9,0.0,9552
1,2,2,10,0.0,9552
1,3,0,0,0.37469,3627
1,3,0,1,0.20761,3627
1,3,0,2,0.15357,3627
1,3,0,3,0.125448,3627
1,3,0,4,0.074993,3627
1,3,0,5,0.038048,3627
1,3,0,6,0.014061,3627
1,3,0,7,0.004411,3627
1,3,0,8,0.004411,3627
1,3,0,9,0.002206,3627
1,3,0,10,0.000551,3627
1,3,1,0,0.572872,6333
1,3,1,1,0.153166,6333
1,3,1,2,0.108006,6333
1,3,1,3,0.092531,6333
1,3,1,4,0.046581,6333
1,3,1,5,0.015948,6333
1,3,1,6,0.006632,6333
1,3,1,7,0.003158,6333
1,3,1,8,0.000947,6333
1,3,1,9,0.000158,6333
1,3,1,10,0.0,6333
1,3,2,0,0.764837,7599
1,3,2,1,0.103829,7599
1,3,2,2,0.055665,7599
1,3,2,3,0.049349,7599
1,3,2,4,0.019345,7599
1,3,2,5,0.004737,7599
1,3,2,6,0.001448,7599
1,3,2,7,0.000526,7599
1,3,2,8,0.000263,7599
1,3,2,9,0.0,7599
1,3,2,10,0.0,7599
1,4,0,0,0.186964,583
1,4,0,1,0.536878,583
1,4,0,2,0.123499,583
1,4,0,3,0.092624,583
1,4,0,4,0.03259,583
1,4,0,5,0.010292,583
1,4,0,6,0.008576,583
1,4,0,7,0.006861,583
1,4,0,8,0.0,583
1,4,0,9,0.0,583
1,4,0,10,0.001715,583
1,4,1,0,0.349083,2180
1,4,1,1,0.461468,2180
1,4,1,2,0.11422,2180
1,4,1,3,0.050459,2180
1,4,1,4,0.015138,2180
1,4,1,5,0.005963,2180
1,4,1,6,0.001835,2180
1,4,1,7,0.001376,2180
1,4,1,8,0.000459,2180
1,4,1,9,0.0,2180
1,4,1,10,0.0,2180
1,4,2,0,0.74814,3629
1,4,2,1,0.176357,3629
1,4,2,2,0.050703,3629
1,4,2,3,0.01736,3629
1,4,2,4,0.004133,3629
1,4,2,5,0.002204,3629
1,4,2,6,0.000827,3629
1,4,2,7,0.000276,3629
1,4,2,8,0.0,3629
1,4,2,9,0.0,3629
1,4,2,10,0.0,3629
1,5,0,0,0.14342,1269
1,5,0,1,0.400315,1269
1,5,0,2,0.174153,1269
1,5,0,3,0.154452,1269
1,5,0,4,0.070134,1269
1,5,0,5,0.033885,1269
1,5,0,6,0.013396,1269
1,5,0,7,0.007092,1269
1,5,0,8,0.0,1269
1,5,0,9,0.001576,1269
1,5,0,10,0.001576,1269
1,5,1,0,0.342236,2808
1,5,1,1,0.378561,2808
1,5,1,2,0.120014,2808
1,5,1,3,0.088675,2808
1,5,1,4,0.040598,2808
1,5,1,5,0.019231,2808
1,5,1,6,0.005698,2808
1,5,1,7,0.002849,2808
1,5,1,8,0.001425,2808
1,5,1,9,0.000712,2808
1,5,1,10,0.0,2808
1,5,2,0,0.717149,3942
1,5,2,1,0.149417,3942
1,5,2,2,0.066464,3942
1,5,2,3,0.044647,3942
1,5,2,4,0.015221,3942
1,5,2,5,0.005581,3942
1,5,2,6,0.001015,3942
1,5,2,7,0.000507,3942
1,5,2,8,0.0,3942
1,5,2,9,0.0,3942
1,5,2,10,0.0,3942
1,6,0,0,0.15528,966
1,6,0,1,0.23913,966
1,6,0,2,0.306418,966
1,6,0,3,0.142857,966
1,6,0,4,0.086957,966
1,6,0,5,0.039337,966
1,6,0,6,0.014493,966
1,6,0,7,0.009317,966
1,6,0,8,0.003106,966
1,6,0,9,0.00207,966
1,6,0,10,0.001035,966
1,6,1,0,0.313481,2166
1,6,1,1,0.254848,2166
1,6,1,2,0.234534,2166
1,6,1,3,0.10988,2166
1,6,1,4,0.052632,2166
1,6,1,5,0.021699,2166
1,6,1,6,0.008772,2166
1,6,1,7,0.00277,2166
1,6,1,8,0.000923,2166
1,6,1,9,0.000462,2166
1,6,1,10,0.0,2166
1,6,2,0,0.731892,2637
1,6,2,1,0.050436,2637
1,6,2,2,0.149791,2637
1,6,2,3,0.046644,2637
1,6,2,4,0.015927,2637
1,6,2,5,0.003413,2637
1,6,2,6,0.001138,2637
1,6,2,7,0.000758,2637
1,6,2,8,0.0,2637
1,6,2,9,0.0,2637
1,6,2,10,0.0,2637
1,7,0,0,0.138634,981
1,7,0,1,0.252803,981
1,7,0,2,0.205912,981
1,7,0,3,0.150866,981
1,7,0,4,0.136595,981
1,7,0,5,0.061162,981
1,7,0,6,0.030581,981
1,7,0,7,0.012232,981
1,7,0,8,0.005097,981
1,7,0,9,0.004077,981
1,7,0,10,0.002039,981
1,7,1,0,0.31541,2083
1,7,1,1,0.256361,2083
1,7,1,2,0.158425,2083
1,7,1,3,0.105617,2083
1,7,1,4,0.099856,2083
1,7,1,5,0.037926,2083
1,7,1,6,0.016803,2083
1,7,1,7,0.005761,2083
1,7,1,8,0.00288,2083
1,7,1,9,0.00096,2083
1,7,1,10,0.0,2083
1,7,2,0,0.664338,2720
1,7,2,1,0.102206,2720
1,7,2,2,0.105882,2720
1,7,2,3,0.055147,2720
1,7,2,4,0.056985,2720
1,7,2,5,0.011029,2720
1,7,2,6,0.001838,2720
1,7,2,7,0.001838,2720
1,7,2,8,0.000735,2720
1,7,2,9,0.0,2720
1,7,2,10,0.0,2720
